street_id,name,city_id
540,"Муромская ул.",0
541,"Мусоргского ул.",19
543,"Н. Карамзина ул.",197
548,"Нансена пер.",0
549,"Нансена ул.",0
550,"Нарвская ул.",0
551,"Нарвский пер.",0
552,"Нахимова пер.",0
553,"Нахимова ул.",0
554,"Невельская ул.",0
555,"Невская ул.",0
557,"Некрасова ул.",0
558,"Неманская ул.",0
559,"Немировича-Данченко пер.",0
560,"Немировича-Данченко ул.",0
561,"Нерчинская ул.",0
562,"Нескучная ул.",0
563,"Нефтяная ул.",0
565,"Нижние Поля ул.",0
566,"Никитина ул.",0
568,"Новгородская ул.",0
569,"Новинская ул.",0
570,"Новинский пер.",0
571,"Новый Вал ул.",0
572,"Носова ул.",0
573,"О. Кошевого ул.",0
574,"Огарева ул.",0
575,"Одесская ул.",0
576,"Озерная ул.",0
578,"Озерный пр.",0
580,"Почтовая ул.",296
582,"Окская ул.",0
583,"Окский пер.",0
584,"Октябрьская пл.",0
585,"Октябрьская ул.",0
586,"Октябрьский 1-й пр.",0
587,"Октябрьский 2-й пр.",0
588,"Окул.овская ул.",0
589,"Олимпийская ул.",0
590,"Ольховая ул.",0
591,"Ольштынская ул.",0
592,"Ольштынский пер.",0
593,"Омская ул.",0
594,"Ореховая ул.",0
595,"Орловская ул.",0
596,"Орловский пер.",0
597,"Орудийная ул.",0
598,"Орудийный пер.",0
599,"Осенняя ул.",0
600,"Осетинская ул.",0
601,"Осиновая ул.",0
602,"Осипенко ул.",0
603,"Островского пер.",0
604,"Островского ул.",0
605,"Отдельная ул.",0
606,"Откосная ул.",0
607,"Офицерская ул.",0
609,"Очаковская 2-я ул.",0
610,"П. Морозова ул.",0
611,"П. Панина ул.",0
612,"П. Флоренского пер.",0
613,"П. Флоренского ул.",0
614,"Павлова ул.",0
615,"Палубная ул.",0
616,"Памяти павших в Афганистане ул.",0
878,"Херсонская ул.",0
879,"Химическая ул.",0
880,"Холмогорская ул.",0
881,"Хрисанфова ул.",0
882,"Хрустальная ул.",0
883,"Художественная ул.",0
884,"Цветочный пер.",0
885,"Целлюлозная ул.",0
886,"Центральная пл.",0
887,"Циолковского ул.",0
888,"Цирковая ул.",0
889,"Чаадаева ул.",0
890,"Чайковского ул.",0
891,"Чапаева ул.",0
892,"Чекистов ул.",0
893,"Челюскинская ул.",0
895,"Червонная ул.",0
896,"Черепичная ул.",0
897,"Черепичный пер.",0
898,"Черниговская ул.",0
899,"Черноморская ул.",0
900,"Чернышевского пер.",0
901,"Чернышевского ул.",0
902,"Черняховского ул.",0
903,"Чехова ул.",0
904,"Читинская ул.",0
905,"Чкалова ул.",0
906,"Чувашская ул.",0
907,"Чукотская ул.",0
908,"Ш. Руставели ул.",0
909,"Шахматная ул.",0
910,"Шевченко ул.",0
911,"Шиллера ул.",0
912,"Шишкина ул.",0
913,"Школьная ул.",0
914,"Штурвальная ул.",0
915,"Шуйская 1-я ул.",0
916,"Шуйская 2-я ул.",0
917,"Щаденко ул.",0
918,"Щепкина ул.",0
618,"Парковая Аллея ул.",0
619,"Парковая ул.",0
620,"Партизана Железняка ул.",0
621,"Партизанская ул.",0
622,"Партизанский пер.",0
623,"Парусная ул.",0
624,"Пархоменко пер.",0
625,"Пархоменко ул.",0
626,"пер.вомайская ул.",0
627,"Большая Песочная ул.",0
628,"Малая Песочная ул.",0
629,"Песочная ул.",0
630,"Петра Великого наб.",0
632,"Петрозаводская ул.",0
633,"Пехотная ул.",0
635,"Печатная ул.",0
636,"Пионерская ул.",0
637,"Пирогова ул.",0
638,"Писарева ул.",0
639,"пл.атова ул.",0
640,"Победы пл.",0
641,"Победы пр.-т",0
643,"Подполковника Иванникова ул.",0
644,"Подполковника Половца ул.",0
645,"Полевая ул.",0
646,"Полевой пер.",0
647,"Полецкого ул.",0
649,"Полковника Ефремова ул.",0
650,"Полковника Сафронова ул.",0
651,"Полоцкая ул.",0
652,"Полтавская ул.",0
653,"Полюсная ул.",0
654,"Полярная ул.",0
655,"Полярный пер.",0
656,"Попер.ечная ул.",0
657,"Портовая ул.",0
658,"Портовиков пер.",0
659,"Портовиков 2-й пер.",0
660,"Портовиков пер.",0
661,"Поселковая ул.",0
662,"Потемкина пер.",0
663,"Потемкина ул.",0
664,"пр.авая наб.",0
665,"пр.ажская ул.",0
666,"пр.еображенская ул.",0
667,"пр.игородная ул.",0
669,"пр.ицельная ул.",0
670,"пр.ичальная 1-я ул.",0
671,"пр.ичальная 2-я ул.",0
672,"пр.ичальная 3-я ул.",0
673,"пр.ичальная 4-я ул.",0
674,"пр.ичальная 5-я ул.",0
675,"пр.олетарская ул.",0
676,"пр.оточная ул.",0
677,"пр.офессора Баранова ул.",0
679,"пр.офессора Морозова ул.",0
680,"пр.офессора Севастьянова ул.",0
681,"Псковская ул.",0
682,"Пугачева ул.",0
683,"Пул.еметная ул.",0
684,"Пушкина ул.",0
686,"Р. Люксембург ул.",0
687,"Рабочая ул.",0
688,"Рабочий пер.",0
689,"Радистов пер.",0
690,"Радистов ул.",0
691,"Радищева пер.",0
692,"Радищева ул.",0
693,"Радужная ул.",0
694,"Ракитная ул.",0
695,"Раменская ул.",0
696,"Рассветная ул.",0
697,"Ремесленная ул.",0
699,"Ремонтная ул.",0
700,"Ремонтный пер.",0
701,"Репина ул.",0
702,"Ржевский 1-й пер.",0
703,"Ржевский 2-й пер.",0
704,"Ржевский 3-й пер.",0
705,"Рижская ул.",0
706,"Римская ул.",0
707,"Римского-Корсакова ул.",0
708,"Ровный пр.",0
709,"Родниковая ул.",0
711,"Розовый пер.",0
712,"Рокоссовского ул.",0
713,"Российская ул.",0
714,"Ростовская ул.",0
715,"Ручейная ул.",0
716,"Рыбникова ул.",0
717,"Рылеева ул.",0
718,"Рябиновый пер.",0
719,"Рядового Павленко ул.",0
721,"С. Лазо ул.",0
722,"С. Разина ул.",0
723,"С. Снегова б-р",0
724,"С. Тюленина ул.",0
725,"С. Халтурина ул.",0
726,"Сад 9 ул.",0
727,"Садовая ул.",0
728,"Салтыкова-Щедрина ул.",0
729,"Самаркандская ул.",0
730,"Сапер.ная ул.",0
731,"Саратовская ул.",0
732,"Свердлова ул.",0
733,"Светлая ул.",0
734,"Свободная ул.",0
735,"Свободный пер.",0
736,"Севастопольская ул.",0
737,"Севастопольский пер.",0
738,"Северная ул.",0
739,"Северный пер.",0
740,"Селенгинская ул.",0
741,"Семипалатинская ул.",0
742,"Сенокосная ул.",0
743,"Серафимовича ул.",0
744,"Сергеева ул.",0
745,"Сержанта Ахмедова ул.",0
746,"Сержанта Бурыхина ул.",0
747,"Сержанта Колоскова ул.",0
748,"Сержанта Мишина ул.",0
749,"Сержанта Щедина ул.",0
750,"Сержантская ул.",0
751,"Серова ул.",0
752,"Серпуховская ул.",0
753,"Серпуховский пер.",0
754,"Сестрорецкая ул.",0
755,"Сеченова ул.",0
756,"Сибирская ул.",0
757,"Сиреневая ул.",0
758,"Славянская ул.",0
760,"Славянский пер.",0
761,"Смоленская ул.",0
763,"Снайпер.ский пер.",0
764,"Советская ул.",0
765,"Советский пер.",0
766,"Советский пр.-т",0
768,"Согласия ул.",0
769,"Соколиная ул.",0
770,"Солдатская ул.",0
771,"Солдатский 1-й пер.",0
772,"Солдатский 2-й пер.",0
773,"Солнечногорская ул.",0
774,"Солнечный б-р",0
775,"Сосновая ул.",0
776,"Сосновый Бор ул.",0
777,"Спортивная ул.",0
778,"Спортивный пер.",0
779,"Ставропольская ул.",0
780,"Станиславского ул.",0
1746,"Горького ул.",14
781,"Станочная ул.",0
782,"Станочный пер.",0
783,"Старокаменная ул.",0
784,"Старокаменный пер.",0
785,"Староорудийная ул.",0
786,"Старопр.егольская наб.",0
787,"Старорусская ул.",0
788,"Старосапер.ная ул.",0
789,"Старшего лейтенанта Сибирякова ул.",0
790,"Карташева пер.",0
791,"Карташева ул.",0
792,"Старшины Дадаева ул.",0
793,"Стекольная ул.",0
794,"Столярная ул.",0
795,"Столярный пер.",0
796,"Стрелецкая ул.",0
797,"Стрелковая ул.",0
798,"Строительная ул.",0
799,"Судостроительная 2-я ул.",0
800,"Судостроительная ул.",0
801,"Судостроительный пер.",0
802,"Сурикова пер.",0
803,"Сурикова ул.",0
804,"Сухумская ул.",0
805,"Сухумский пер.",0
806,"Счастливая ул.",0
807,"Сызранская ул.",0
808,"Сызранский пер.",0
809,"Таганрогская ул.",0
810,"Таганрогский пер.",0
811,"Таймырская ул.",0
812,"Тамбовская ул.",0
813,"Танковая ул.",0
814,"Ташкентская ул.",0
815,"Тбилисская ул.",0
816,"Тбилисский пер.",0
817,"Тверская ул.",0
818,"Театральная ул.",0
819,"Театральный пер.",0
820,"Тельмана ул.",0
821,"Тенистая аллея ул.",0
822,"Тимирязева ул.",0
823,"Типографская ул.",0
824,"Тихая ул.",0
825,"Тихоненко ул.",0
826,"Тихоокеанская ул.",0
827,"Тихоокеанский пер.",0
828,"Тихорецкая ул.",0
829,"Тихорецкий пр.",0
830,"Тихорецкий тупик",0
831,"Тобольская ул.",0
832,"Товарная ул.",0
833,"Товарный пер.",0
834,"Толбухина ул.",0
835,"Томская ул.",0
836,"Трамвайный 2-й пер.",0
837,"Трамвайный пер.",0
838,"Транспортная ул.",0
839,"Транспортный пер.",0
840,"Гуськова пл.",0
841,"Третьяковская ул.",0
843,"Трудовая ул.",0
844,"Тул.ьская ул.",0
845,"Тургенева ул.",0
846,"Туркменская ул.",0
847,"Туруханская ул.",0
848,"Туруханский 1-й пер.",0
849,"Туруханский 2-й пер.",0
850,"У. Громовой ул.",0
851,"Угловая ул.",0
852,"Узловая ул.",0
853,"ул.ьяновская ул.",0
854,"Университетская ул.",0
855,"Уральская ул.",0
856,"Урицкого ул.",0
858,"Успенского ул.",0
859,"Уфимская ул.",0
861,"Ушакова ул.",0
862,"Ушинского ул.",0
863,"Уютная ул.",0
864,"Ф. Воейкова ул.",0
865,"Ф. Лефорта б-р",0
868,"Энгельса ул.",0
869,"Фабричная ул.",0
870,"Фестивальная аллея ул.",0
871,"Физкул.ьтурная ул.",0
873,"Фортовая дорога ул.",0
874,"Фрунзе ул.",0
875,"Фурманова ул.",0
876,"Хабаровская ул.",0
877,"Харьковская ул.",0
920,"Щорса ул.",0
922,"Эльблонгская ул.",0
923,"Энергетиков пер.",0
924,"Эпр.оновская ул.",0
1013,"Ялтинская ул.",0
1014,"Шатурская ул.",0
1012,"Б. Окружная 2-я ул.",0
1020,"Ленина ул.",9
1021,"Садовая ул.",9
1022,"Янтарная ул.",10
1027,"Калининградский пр.-т",13
1028,"Московская ул.",6
1029,"Калининградская ул.",14
1030,"Искры ул.",2
1033,"Садовая ул.",8
1034,"Луговая ул.",8
1035,"пр.егельная ул.",14
1038,"Калининградское ш",2
1037,"Шевченко ул.",2
1039,"Советская ул.",8
1040,"Ленина ул.",15
1041,"Красноармейская ул.",1
1042,"А. Матросова ул.",20
1043,"Пионерская ул.",14
1044,"Цветочная ул.",14
1045,"Московская ул.",7
1046,"Черняховского ул.",18
1047,"Пограничная ул.",17
1048,"Багратиона ул.",21
1049,"Евсеева ул.",5
1050,"Победы ул.",19
1051,"Фабричная ул.",8
1052,"Красноармейская ул.",2
1053,"Верещагина ул.",13
1054,"Тургенева ул.",7
1055,"Калининградское ш",9
1056,"Чекистов ул.",5
1057,"Калининградская ул.",21
1058,"Дзержинского ул.",23
1059,"Гусевское ш",14
1061,"Красноармейская ул.",23
1062,"Центральный пер.",23
1063,"Ленина ул.",23
1064,"Школьный пер.",23
1076,"Егорова ул.",9
1077,"Лесопарковая ул.",7
1078,"Садовая ул.",12
1080,"Флотская ул.",12
1081,"А. Суворова ул.",17
1082,"Театральная ул.",2
1083,"Тельмана ул.",3
1086,"Вокзальная ул.",12
1087,"Дачная ул.",14
1088,"Калинина ул.",14
1089,"Железнодорожная ул.",14
1090,"Ленина ул.",14
1091,"Советский пер.",14
1092,"пер.вомайская ул.",7
1093,"Железнодорожная ул.",7
1094,"Советская ул.",17
1095,"Горького ул.",3
1096,"Советская ул.",3
1097,"Ленина ул.",7
1098,"Ленина пр.-т",9
1116,"Советская ул.",18
1100,"Дзержинского ул.",17
1101,"Ленина ул.",6
1102,"Тимирязева ул.",6
1103,"пр.авобережная ул.",6
1105,"Вокзальная ул.",6
1106,"Лесная ул.",8
1107,"Крайняя ул.",8
1747,"Мира ул.",14
1109,"Ленина ул.",8
1110,"Калининградское ш",8
1112,"Пограничная ул.",21
1113,"Советская ул.",1
1114,"Победы ул.",1
1115,"Московская ул.",18
1118,"Комсомольская ул.",18
1119,"Торговая ул.",16
1120,"50-летия Победы пл.",16
1121,"Вокзальная ул.",16
1122,"Кутузова ул.",16
1123,"А. Суворова ул.",22
1124,"Пионерская ул.",22
1125,"Советская ул.",15
1127,"Пушкина ул.",15
1129,"Тенистая аллея ул.",15
1130,"Водолазный пер.",9
1131,"Маяковского ул.",9
1140,"Берлинское ш",0
1141,"Калининградская ул.",8
1142,"Калининградская ул.",20
1143,"Советская ул.",20
1144,"Балтийская ул.",13
1145,"Юбилейная ул.",15
1146,"Чайковского ул.",9
1152,"Сиреневый пер.",13
1153,"Калининградская ул.",22
1154,"К. Маркса ул.",13
1155,"Подполковника Емельянова ул.",0
1156,"Больничная ул.",2
1157,"Коммунистическая ул.",3
1158,"Центральная ул.",3
1159,"ул.ьяновых ул.",6
1160,"Герцена ул.",2
1161,"Пушкина ул.",2
1162,"Советская ул.",6
1163,"Заречная ул.",8
1164,"Авиационная ул.",22
1166,"Победы пл.",17
1167,"Победы ул.",2
1169,"А. Суворова пер.",14
1170,"Госпитальная ул.",14
1171,"Спортивная ул.",14
1172,"Чайковского ул.",14
1184,"Красноармейская ул.",21
1185,"Столярная ул.",16
1186,"Баха ул.",13
1187,"Краснознаменская ул.",2
1188,"пер.вомайская ул.",6
1189,"Учительская ул.",15
1190,"Советская ул.",159
1191,"Горная ул.",23
1198,"Пионерская ул.",3
1199,"Ю. Гагарина ул.",3
1200,"Железнодорожный пер.",3
1201,"Красноармейский пер.",3
1202,"Гоголя ул.",2
1203,"Загородная ул.",21
1204,"Центральная ул.",5
1205,"Артиллерийская ул.",9
1206,"Заречная ул.",22
1207,"Лямина ул.",2
1208,"Ленина ул.",2
1209,"Советская ул.",14
1210,"Курортный пр.-т",7
1211,"А. Невского ул.",6
1213,"Крылова ул.",7
1214,"Октябрьская ул.",20
1215,"Октябрьская ул.",18
1216,"Железнодорожная ул.",13
1217,"Лесная ул.",137
1218,"Комсомольская ул.",15
1219,"Черняховского ул.",14
1220,"Лесная ул.",42
1221,"Лесная ул.",6
1222,"Мира ул.",3
1223,"Камышинский пер.",2
1240,"Центральная ул.",77
1241,"Центральная ул.",161
1242,"Фрунзенская ул.",162
1243,"Советская ул.",89
1244,"Гарнизонная ул.",163
1246,"Калининградская ул.",32
1248,"Центральная ул.",166
1249,"пер.вомайская ул.",2
1250,"Каштановая ул.",2
1253,"Ю. Гагарина ул.",14
1274,"Школьная ул.",143
1276,"Центральная ул.",187
1277,"Центральная ул.",195
1278,"А. Суворова ул.",2
1279,"Шоссейная ул.",2
1280,"Островского ул.",13
1016,"Ганзейский пер.",0
1017,"Пограничная ул.",7
1018,"Ю. Гагарина ул.",7
1019,"Советская ул.",22
1024,"Комсомольская ул.",12
1032,"Курортный пер.",7
1031,"Володарского ул.",7
1066,"Ю. Гагарина ул.",23
1067,"Тельмана ул.",23
1068,"Калининградская ул.",23
1069,"Крупской ул.",23
1070,"Гастелло ул.",2
1071,"Воровского ул.",2
1072,"Мамина-Сибиряка ул.",2
1073,"Кржижановского ул.",3
1074,"Партизанская ул.",14
1079,"Садовая ул.",7
1084,"Пионерская ул.",13
1085,"Победы ул.",6
1128,"Железнодорожная ул.",3
1139,"Строительная ул.",3
1149,"Парковая ул.",5
1150,"Черняховского ул.",24
1165,"Победы 2-й пер.",14
1173,"Революции ул.",2
1174,"Крупской ул.",14
1175,"Кронштадтская ул.",9
1176,"Армейская ул.",12
1177,"Садовая ул.",14
1178,"З. Космодемьянской ул.",6
1179,"Лесная ул.",2
1180,"Победы пл.",16
1181,"Юбилейная ул.",23
1182,"А. Толстого ул.",6
1183,"Дружбинское ш",16
1192,"Железнодорожный пер.",9
1193,"Капл.унова ул.",9
1194,"Железнодорожная ул.",6
1195,"Артиллерийская ул.",6
1196,"Новая ул.",13
1197,"Ленина ул.",3
1224,"Ломоносова ул.",9
1225,"Водолазная ул.",9
1226,"Почтовая ул.",22
1227,"Мостовая ул.",16
1229,"Новая ул.",15
1230,"А. Невского ул.",2
1231,"Шоссейная ул.",24
1232,"Малахова ул.",6
1233,"Большаковская ул.",71
1234,"Рыбачий пер.",72
1235,"Октябрьская ул.",160
1236,"Кирова ул.",146
1237,"Комсомольская ул.",60
1238,"Пограничная ул.",66
1239,"Коммунистическая ул.",68
1252,"Геологическая ул.",172
1254,"Шатурская ул.",38
1255,"Зеленая ул.",88
1256,"Чехова ул.",2
1257,"Центральная ул.",174
1258,"Центральная ул.",99
1259,"Гурьева ул.",175
1260,"Административная ул.",176
1261,"Центральная ул.",177
1262,"Школьная ул.",178
1263,"Калининградская ул.",179
1264,"Строительный пер.",125
1266,"А. Невского ул.",152
1268,"Зеленая ул.",6
1269,"Молодежная ул.",184
1271,"Советская ул.",188
1272,"Попова ул.",189
1273,"Советская ул.",190
1281,"пр.игородная ул.",13
1282,"Железнодорожная ул.",10
1283,"Заречная ул.",102
1284,"пр.иозерная ул.",197
1285,"Парковая ул.",148
1286,"Советская ул.",198
1287,"Центральная ул.",194
1288,"Центральная ул.",52
1289,"Центральная ул.",199
1290,"Балтийская ул.",85
1291,"Центральная ул.",91
1293,"Центральная ул.",97
1295,"Советская ул.",136
1296,"Бассейная ул.",202
1299,"Шоссейная ул.",27
1303,"Советская ул.",56
1304,"Железнодорожный пер.",19
1305,"Победы ул.",126
1308,"Победы ул.",206
1309,"Морской б-р",9
1312,"Генерала Карижского ул.",14
1313,"Садовая ул.",23
1316,"Павлова ул.",9
1317,"Центральная ул.",138
1318,"Советская ул.",209
1319,"Лесная ул.",210
1320,"Центральная ул.",98
1322,"Школьная ул.",211
1323,"Калинина ул.",1
1324,"Куйбышева ул.",212
1336,"Ушакова ул.",9
1337,"Победы пл.",23
1327,"Дзержинского ул.",49
1328,"Центральная ул.",28
1329,"Некрасова ул.",79
1330,"Садовая ул.",213
1331,"Центральная ул.",214
1333,"Почтовая ул.",216
1338,"Железнодорожная ул.",109
1339,"Вокзальная ул.",18
1340,"Калининградское ш",12
1342,"Вокзальная ул.",24
1343,"Железнодорожная ул.",21
1344,"пр.ивокзальная пл.",7
1345,"Генерал-лейтенанта Захарова ул.",204
1346,"Пушкина ул.",14
1347,"наб.ережная ул.",16
1348,"Комсомольская ул.",17
1349,"Братский пер.",3
1350,"Советская ул.",5
1351,"Олимпийский бул.",13
1352,"Тельмана ул.",15
1353,"Гончарова ул.",2
1354,"Тельмана ул.",14
1355,"Энергетическая ул.",3
1356,"Московская ул.",17
1357,"Яльцева ул.",3
1358,"Утина ул.",21
1359,"Молодежный пер.",16
1360,"9 Января ул.",2
1361,"Серова ул.",2
1362,"Шаманова ул.",12
1363,"Иркутско-Пинской дивизии ул.",21
1365,"Центральная ул.",219
1366,"Школьная ул.",220
1367,"Луначарского ул.",2
1368,"Театральная ул.",22
1369,"Красноармейская ул.",16
1370,"Крымская ул.",7
1371,"Рабочая ул. ",2
1372,"Космонавтов ул.",2
1373,"Дружбы ул.",21
1374,"Территория МПМК 3",16
1375,"Красная ул.",1
1376,"Красная ул.",2
1379,"Калининградская ул.",15
1380,"Советская ул.",24
1381,"Советская ул.",142
1382,"Садовая ул.",109
1383,"Ломоносова ул.",2
1384,"Гвардейская ул.",225
1385,"Чехова ул.",9
1386,"Школьная ул.",91
1387,"Победы ул.",137
1388,"Черняховского ул.",68
1389,"Калининградская ул.",58
1390,"Октябрьская ул.",226
1391,"Ломоносова ул.",6
1392,"Красной Армии ул.",9
1393,"Игашева ул.",13
1394,"Бровкова ул.",24
1395,"Ю. Гагарина ул.",13
1396,"Ленина ул.",13
1397,"Школьная ул.",227
1398,"Тургенева ул.",2
1399,"Береговой пер.",13
1400,"Портовая ул.",5
1401,"Калининградская ул.",172
1402,"Вокзальная ул.",68
1403,"Курортная ул.",13
1404,"Маяковского ул.",6
1405,"Почтовая ул.",20
1406,"Вокзальная ул.",23
1407,"пр.ивокзальная ул.",14
1408,"Дачный 2-й пер.",14
1409,"Сибирякова ул.",7
1410,"Балтийский пр.",10
1411,"Степанова ул.",180
1412,"Подгорная ул.",13
1413,"пр.ивокзальная пл.",14
1414,"Калининградская ул.",233
1415,"Вокзальная ул.",32
1416,"пр.ивокзальная ул.",5
1417,"Железнодорожная ул.",24
1418,"Мичурина ул.",13
1421,"Калининградское ш",151
1422,"Черноморская ул.",9
1423,"Потёмкина ул.",7
1424,"Судостроительная ул.",3
1425,"Театральная пл.",14
1426,"Калининградское ш",5
1427,"Черняховского ул.",17
1428,"Сельская ул.",2
1429,"Тельмана ул.",32
1430,"Лесная аллея ул.",22
1431,"Ленинградская ул.",18
1432,"Мамоновское ш",0
1433,"Совхозная ул.",151
1434,"Нахимова б-р",3
1435,"Авангардная ул.",8
1436,"Тенистая ул.",0
1437,"Ясный пер.",8
1438,"пр.омышленная ул.",14
1439,"В. Гакуна ул.",0
1440,"Черняховского ул.",32
1441,"Зеленая ул.",53
1442,"Шатурский пер.",38
1443,"Л. Чайкиной ул.",3
1444,"Мелиоративная ул.",235
1445,"Калининградская ул.",236
1446,"Ю. Гагарина ул.",2
1447,"Портовая ул.",14
1449,"Советская ул.",172
1450,"Архитектора Попова ул.",13
1451,"Безымянная ул.",8
1452,"Юбилейная ул.",239
1453,"Ю. Гагарина ул.",137
1454,"Верхняя Морская ул.",242
1455,"Школьная ул.",15
1456,"Лермонтова ул.",32
1457,"Рыбацкая ул.",3
1458,"Тоннельная ул.",14
1459,"А. Суворова ул.",14
1460,"Центральная ул.",14
1462,"Центральная ул.",246
1463,"пер.вомайская ул.",1
1464,"Таможняя ул.",5
1465,"Пограничная ул.",137
1466,"Пушкина ул.",7
1467,"Заречная ул.",137
1468,"наб.ережная ул.",137
1469,"Строителей ул.",137
1470,"Лесная ул.",97
1471,"Дачная ул.",217
1472,"Взморья ул.",97
1473,"Новая ул.",160
1474,"Пугачева ул.",7
925,"Ю. Гагарина пер.",0
926,"Ю. Гагарина ул.",0
927,"Ю. Долгорукого ул.",0
929,"Ю. Костикова ул.",0
930,"Ю. Смирнова ул.",0
931,"Южная ул.",0
932,"Южновокзальная ул.",0
933,"Южный б-р",0
934,"Южный пер.",0
935,"Юношеская ул.",0
937,"Яблоневая аллея ул.",0
938,"Яблочная ул.",0
939,"Якорная ул.",0
940,"test",0
941,"Ялтинский пер.",0
942,"Ямская ул.",0
943,"Яновская ул.",0
944,"Янтарная ул.",0
945,"Ярославская ул.",0
946,"Ясная ул.",0
1002,"Неманская",1
919,"Щорса пер.",0
0,"А. Ахматовой ул.",0
2,"А. Болотова ул.",0
3,"А. Дубровиной пер.",0
4,"А. Дубровиной ул.",0
5,"А. Матросова ул.",0
6,"А. Невского ул.",0
7,"А. Орлова пер.",0
8,"А. Орлова ул.",0
9,"А. Попова пер.",0
10,"А. Попова ул.",0
11,"А. Суворова ул.",0
13,"А. Толстого пер.",0
14,"А. Толстого ул.",0
15,"Авиационная ул.",0
16,"Автомобильная ул.",0
17,"Авторемонтная ул.",0
18,"Адмирала Макарова ул.",0
19,"Адмирала Трибуца наб.",0
20,"Адмиральская ул.",0
21,"Азовская ул.",0
22,"Айвазовского ул.",0
23,"Акварельная ул.",0
24,"Аксакова ул.",0
25,"Алданская ул.",0
26,"Алданский 2-й пер.",0
27,"Алданский пер.",0
28,"Аллея Смелых ул.",0
29,"Алтайская 1-я ул.",0
30,"Алтайская 2-я ул.",0
31,"Альпийская ул.",0
32,"Альпийский 1-й пер.",0
33,"Альпийский 2-й пер.",0
34,"Алябьева ул.",0
35,"Ангарская ул.",0
36,"Андреевская ул.",0
37,"Андреевский 1-й пр.",0
38,"Андреевский 2-й пр.",0
39,"Аральская ул.",0
40,"Аральский пер.",0
41,"Арзамасская ул.",0
42,"Арзамасский пер.",0
43,"Армавирская ул.",0
44,"Арсенальная ул.",0
45,"Артиллерийская ул.",0
47,"Асфальтовая ул.",0
48,"Аэропортная ул.",0
49,"Б. Пастернака ул.",0
50,"Б. Хмельницкого ул.",0
51,"Бабаева пер.",0
52,"Бабаева ул.",0
53,"Бабушкина ул.",0
54,"Багратиона ул.",0
55,"Багряная ул.",0
56,"Баженова ул.",0
57,"Бакинская ул.",0
58,"Балтийская ул.",0
59,"Балтийский пер.",0
60,"Балтийское ш",0
61,"Банковская ул.",0
62,"Барклая де Толли ул.",0
63,"Барнаул.ьская ул.",0
64,"Бассейная ул.",0
65,"Батальная ул.",0
66,"Батальный пер.",0
67,"Баумана ул.",0
68,"Бахчисарайская ул.",0
69,"Беговая ул.",0
70,"Бежецкая ул.",0
71,"Безымянная 1-я ул.",0
74,"Беланова ул.",0
75,"Белгородская ул.",0
76,"Белибейская ул.",0
77,"Белинского ул.",0
78,"Белокаменная ул.",0
79,"Беломорская ул.",0
80,"Белорусская ул.",0
81,"Белостокская ул.",0
82,"Бердянская ул.",0
83,"Береговая ул.",0
84,"Береговой пер.",0
85,"Березовая ул.",0
86,"Берестяная ул.",0
87,"Берлинская ул.",0
88,"Бесселя ул.",0
89,"Библиотечная ул.",0
90,"Билибина ул.",0
91,"Бирюзовая ул.",0
92,"Благовещенская ул.",0
93,"Благодатная ул.",0
94,"Богатырская ул.",0
95,"Бодайбинский пер.",0
96,"Бойко ул.",0
97,"Болотная ул.",0
98,"Больничная ул.",0
100,"Б. Окружная 3-я ул.",0
101,"Б. Окружная 4-я ул.",0
102,"Б. Окружная 1-я ул.",0
103,"Большевистский пер.",0
104,"Большой пер.",0
105,"Бородинская ул.",0
106,"Ботаническая ул.",0
107,"Боткина ул.",0
108,"Боцманская ул.",0
109,"Брамса ул.",0
110,"Братская ул.",0
111,"Бригадная ул.",0
112,"Броненосная ул.",0
113,"Броненосный пер.",0
114,"Бронницкая ул.",0
116,"Брусничная ул.",0
117,"Брянская ул.",0
118,"Букетная ул.",0
119,"Букетный пер.",0
120,"Бумажная ул.",0
121,"В. Высоцкого ул.",0
122,"В. Гюго ул.",0
123,"В. Дубинина ул.",0
124,"В. Котика ул.",0
126,"В. Талалихина ул.",0
127,"В. Фермора ул.",0
128,"Вагнера ул.",0
129,"Вагоностроительная ул.",0
130,"Валдайская ул.",0
134,"Васильковая ул.",0
135,"Васнецова ул.",0
136,"Ватутина ул.",0
137,"Велижская ул.",0
138,"Великолукская ул.",0
139,"Величавая ул.",0
140,"Велосипедная дорога ул.",0
141,"Венский пер.",0
142,"Вербная ул.",0
143,"Вересковая ул.",0
144,"Верещагина ул.",0
145,"Вернадского ул.",0
146,"Верхнеозерная ул.",0
147,"Верхние поля ул.",0
148,"Весенняя ул.",0
149,"Ветеранов наб.",0
150,"Взводная ул.",0
152,"Вишневая ул.",0
153,"Владивостокская ул.",0
154,"Владимирская ул.",0
155,"Водная ул.",0
156,"Воздушная ул.",0
157,"Воздушный пер.",0
158,"Вознесенская ул.",0
159,"Возрождения ул.",0
160,"Войнова пер.",0
161,"Войкова ул.",0
162,"Войнич ул.",0
163,"Володарского ул.",0
164,"Волоколамская ул.",0
165,"Волоколамский пер.",0
1006,"9 Апр.еля ул.",0
1007,"1812 года ул.",0
166,"Волочаевская ул.",0
167,"Волховская ул.",0
168,"Воронежская ул.",0
169,"Воскресенская ул.",0
170,"Восточная ул.",0
171,"Восточный пер.",0
172,"Г. Димитрова ул.",0
173,"Г. Тимофеевой 1-й пер.",0
175,"Г. Тимофеевой ул.",0
176,"Г. Щербакова пер.",0
177,"Г. Щербакова ул.",0
178,"Габайдул.ина ул.",0
179,"Гавриленко ул.",0
180,"Гайдара ул.",0
181,"Галактическая ул.",0
183,"Гаражная ул.",0
184,"Гастелло ул.",0
185,"Гвардейский пр.-т",0
186,"Генделя ул.",0
187,"Генерал-лейтенанта Захарова ул.",0
188,"Генерал-лейтенанта Озерова ул.",0
189,"Генерала Бурмакова ул.",0
190,"Генерала Буткова ул.",0
191,"Генерала Галицкого ул.",0
192,"М. Галковского ул.",0
193,"Генерала Карбышева наб.",0
194,"Генерала Павлова ул.",0
195,"Генерала пр.онина ул.",0
196,"Генерала Раевского ул.",0
197,"Генерала Соммера ул.",0
198,"Генерала Толстикова ул.",0
199,"Генерала Хохлова ул.",0
200,"Генерала Челнокова ул.",0
201,"Геологическая ул.",0
202,"Георгиевская ул.",0
203,"Георгиновая ул.",0
204,"Герцена ул.",0
205,"Гиацинтовая ул.",0
206,"Глазунова ул.",0
207,"Глинки ул.",0
208,"Гоголя ул.",0
209,"Гончарная ул.",0
210,"Гончарова ул.",0
211,"Горбунова ул.",0
212,"Горная ул.",0
214,"Горького ул.",0
215,"Госпитальная ул.",0
217,"Гостиная ул.",0
218,"Гравийная ул.",0
219,"Гражданская ул.",0
220,"Грекова ул.",0
221,"Грибная ул.",0
222,"Грибоедова пер.",0
223,"Грибоедова ул.",0
224,"Грига пер.",0
225,"Грига ул.",0
226,"Грунтовая ул.",0
227,"Гурьева ул.",0
229,"Д. Бедного ул.",0
230,"Д. Давыдова ул.",0
231,"Дм. Донского ул.",0
232,"Дальневосточная ул.",0
233,"Дамбовая 1-я ул.",0
234,"Дамбовая 2-я ул.",0
235,"Дамбовая 3-я ул.",0
236,"Дарвина ул.",0
237,"Дачная ул.",0
238,"Двинская ул.",0
239,"Двинской пер.",0
240,"Дежнева ул.",0
241,"Декоративная ул.",0
242,"Державина ул.",0
243,"Джамбул.а пер.",0
244,"Джамбул.а ул.",0
245,"Дзержинского ул.",0
246,"Дзержинского пер.",0
247,"Дзержинского пр.",0
248,"Дивная ул.",0
249,"Диккенса ул.",0
250,"Днепр.опетровская ул.",0
251,"Добролюбова ул.",0
252,"Докука ул.",0
253,"Донская ул.",0
254,"Дорожная ул.",0
255,"Достоевского пер.",0
256,"Достоевского ул.",0
1485,"Центральная ул.",46
257,"Дрожжевая ул.",0
258,"Дубовая аллея ул.",0
259,"Дунайская ул.",0
260,"Дюнная ул.",0
261,"Е. Ковальчук ул.",0
262,"Елецкая ул.",0
263,"Елизаветинская ул.",0
264,"Еловая аллея ул.",0
266,"Енисейская ул.",0
267,"Енисейский пер.",0
268,"Ермака ул.",0
269,"Жданова ул.",0
271,"Железнодорожная ул.",0
272,"Желябова пер.",0
273,"Желябова ул.",0
274,"Живописная ул.",0
275,"Жиленкова ул.",0
276,"Житомирская ул.",0
278,"Жуковского ул.",0
279,"З. Космодемьянской ул.",0
280,"Заводская ул.",0
281,"Заводской пер.",0
282,"Загородная ул.",0
283,"Загородный пер.",0
284,"Загорская ул.",0
285,"Задонского ул.",0
286,"Закавказская ул.",0
287,"Закатная ул.",0
289,"Запорожская ул.",0
290,"Зарайская ул.",0
291,"Звездная ул.",0
292,"Зеленая ул.",0
293,"Земельная ул.",0
294,"Златоустовская ул.",0
295,"Знаменская ул.",0
296,"Знойная ул.",0
297,"Золотистая ул.",0
298,"Золотистый пер.",0
299,"Зоологическая ул.",0
300,"Зоологический пер.",0
301,"Зоологический тупик",0
302,"И. Земнухова ул.",0
303,"И. Сусанина пер.",0
304,"И. Сусанина ул.",0
305,"И. Франко ул.",0
306,"Ижорская ул.",0
307,"Измаильская ул.",0
308,"Изумрудная ул.",0
309,"Инженерная ул.",0
310,"Интернациональная ул.",0
311,"Иртышская ул.",0
312,"Иртышский пер.",0
313,"К. Заслонова ул.",0
314,"К. Маркса ул.",0
315,"К. Назаровой ул.",0
316,"К. Цеткин ул.",0
317,"Каблукова ул.",0
318,"Казанская ул.",0
319,"Казахская ул.",0
320,"Калачева ул.",0
321,"Калинина пер.",0
322,"Калинина пл.",0
323,"Калинина пр.-т",0
324,"Калининградское ш",0
325,"Калиновая ул.",0
326,"Калужская ул.",0
327,"Калужский пер.",0
328,"Калязинская ул.",0
329,"Каменная ул.",0
330,"Камская ул.",0
331,"Камский 1-й пер.",0
332,"Камский 2-й пер.",0
333,"Камчатская ул.",0
335,"Канта ул.",0
336,"Капитана Гречишникова ул.",0
339,"Карпатская ул.",0
340,"Качалова пер.",0
341,"Качалова ул.",0
342,"Каштановая аллея ул.",0
343,"Каштановый пер.",0
344,"Керченская ул.",0
345,"Киевская ул.",0
346,"Киевский пер.",0
347,"Кирова пер.",0
348,"Кирова ул.",0
349,"Кировоградская ул.",0
350,"Кирпичная ул.",0
351,"Кленовая ул.",0
352,"Клиническая ул.",0
353,"Клинический пер.",0
354,"Клинская ул.",0
355,"Клинской пер.",0
356,"Клубная ул.",0
357,"Ключевая ул.",0
358,"Книжная ул.",0
359,"Княжеская ул.",0
361,"Колесная ул.",0
362,"Коломенская ул.",0
363,"Колхозная ул.",0
364,"Кольцова ул.",0
365,"Коммунальная ул.",0
366,"Коммунальный пер.",0
367,"Коммунистическая ул.",0
368,"Компасная ул.",0
369,"Комсомольская ул.",0
371,"Копер.ника ул.",0
372,"Корабельная ул.",0
373,"Короленко ул.",0
374,"Корсунская ул.",0
375,"Космическая ул.",0
376,"Космонавта Леонова ул.",0
377,"Космонавта Пацаева ул.",0
378,"Косогорная ул.",0
379,"Косогорный пер.",0
380,"Котовского ул.",0
381,"Крановая ул.",0
382,"Красная ул.",0
383,"Красноармейская ул.",0
384,"Краснодонская ул.",0
385,"Краснодонский пер.",0
386,"Краснознаменская ул.",0
387,"Краснознаменский пер.",0
388,"Краснокаменная ул.",0
389,"Краснооктябрьская ул.",0
390,"Краснопр.есненская ул.",0
391,"Краснопр.удная ул.",0
392,"Красносельская ул.",0
393,"Краснохолмская ул.",0
394,"Красноярская ул.",0
395,"Красных зорь ул.",0
396,"Кремлевская ул.",0
397,"Крещенская ул.",0
398,"Кронштадтская ул.",0
399,"Кропоткина ул.",0
400,"Крылова пер.",0
401,"Крылова ул.",0
404,"Кузнечная ул.",0
406,"Куйбышева пер.",0
407,"Куйбышева ул.",0
408,"Купр.ина ул.",0
409,"Курганская ул.",0
410,"Курильская ул.",0
411,"Курнакова ул.",0
413,"Курортная ул.",0
414,"Кутаисская ул.",0
415,"Кутузова ул.",0
417,"Л. Андреева ул.",0
418,"Л. Голикова ул.",0
419,"Л. Иванихиной ул.",0
420,"Л. Толстого ул.",0
421,"Л. Шевцовой б-р",0
422,"Ладожская ул.",0
424,"Ладушкина пер.",0
425,"Ладушкина ул.",0
426,"Лазаретная ул.",0
427,"Лазурная ул.",0
428,"Лаптевых пер.",0
429,"Лаптевых ул.",0
430,"Лауреатная ул.",0
431,"Левитана пер.",0
432,"Левитана ул.",0
433,"Лейтенанта Калинина ул.",0
434,"Лейтенанта Катина ул.",0
435,"Лейтенанта Князева ул.",0
436,"Лейтенанта Яналова ул.",0
437,"Ленинградская ул.",0
438,"Ленинский пр.-т",0
439,"Лермонтова ул.",0
440,"Лескова ул.",0
441,"Лесная аллея пер.",0
442,"Лесная Гавань ул.",0
444,"Лесная ул.",0
445,"Лесопарковая ул.",0
446,"Лесопарковый пер.",0
447,"Лесопильная ул.",0
448,"Лётная ул.",0
450,"Летний пр.",0
451,"Летняя ул.",0
452,"Линейная ул.",0
453,"Литейная ул.",0
454,"Литовский вал ул.",0
455,"Литовский пер.",0
456,"Лобачевского ул.",0
457,"Лозовая ул.",0
458,"Лозовой пер.",0
459,"Ломоносова пер.",0
460,"Ломоносова ул.",0
461,"Луганская ул.",0
462,"Луговая ул.",0
463,"Лужская ул.",0
464,"Лукашова пер.",0
465,"Лукашова ул.",0
466,"Лунная ул.",0
467,"Лучистая ул.",0
468,"Лучистый пер.",0
469,"Львовская ул.",0
470,"Львовский пер.",0
471,"Люблинское ш",0
472,"М. Бул.гакова ул.",0
473,"М. Волошина ул.",0
475,"М. Зощенко пер.",0
476,"М. Зощенко ул.",0
477,"М. Расковой ул.",0
478,"М. Светлова пер.",0
479,"М. Светлова ул.",0
480,"М. Цветаевой пер.",0
481,"М. Цветаевой ул.",0
482,"Магнитная ул.",0
483,"Магнитогорская ул.",0
484,"Майора Козенкова ул.",0
485,"Майора пл.откина ул.",0
486,"Майора Шорникова ул.",0
487,"Макаренко ул.",0
488,"Малая Лесная ул.",0
489,"Малиновая ул.",0
490,"Малоярославская ул.",0
491,"Малый пер.",0
492,"Марата ул.",0
493,"Маринеско наб.",0
494,"Мариупольская ул.",0
495,"Маршала Баграмяна ул.",0
496,"Маршала Борзова ул.",0
497,"Маршала Василевского пл.",0
498,"Маршала Новикова ул.",0
499,"Матросская ул.",0
501,"Машиностроительная ул.",0
502,"Маяковского ул.",0
503,"Мебельная ул.",0
504,"Менделеева ул.",0
505,"Менжинского ул.",0
506,"Механическая ул.",0
508,"Мечникова ул.",0
509,"Миклухо-Маклая ул.",0
510,"Минина и Пожарского пер.",0
511,"Минина и Пожарского ул.",0
512,"Минометная ул.",0
513,"Минская ул.",0
514,"Минусинская ул.",0
515,"Мира пр.-т",0
516,"Мира ул.",0
518,"Мичурина ул.",0
519,"Младшего лейтенанта Родителева ул.",0
520,"Младшего лейтенанта Ротко ул.",0
521,"Млечная ул.",0
522,"Многопр.удный пер.",0
523,"Можайская ул.",0
524,"Можайский пер.",0
525,"Мозаичная ул.",0
526,"Молдавская ул.",0
527,"Молодежная ул.",0
528,"Молодой гвардии ул.",0
529,"Молочинского ул.",0
530,"Монетная ул.",0
531,"Мореходная ул.",0
532,"Мореходный пер.",0
533,"Морская ул.",0
534,"Москвина ул.",0
535,"Московский пр.-т",0
536,"Мостовая ул.",0
537,"Моховая ул.",0
538,"Музыкальная ул.",0
539,"Мукомольная ул.",0
1535,"Сельская ул.",270
1541,"Тельмана ул.",17
1542,"Октябрьская ул.",13
1543,"Центральная ул.",21
1546,"Калинина ул.",3
1550,"Морской Торговый Порт",0
1552,"Харьковская ул.",3
1553,"Заводская ул.",22
1554,"Октябрьская ул.",14
1591,"Смоленская ул.",2
1559,"22-Января ул.",14
1560,"Калининградская ул.",251
1562,"Серебровская ул.",9
1565,"Балтийская ул.",235
1566,"Заводской пер.",2
1567,"Заречная ул.",114
1572,"Лесная ул.",129
1573,"Цветочный пер.",14
1574,"Юбилейная ул.",38
1575,"Пионерская ул.",75
1582,"Колхозная ул.",15
1600,"Лермонтова ул.",14
1601,"Садовая ул.",171
1602,"Токарева ул.",13
1603,"Вокзальная ул.",13
1604,"Толстого ул.",2
1605,"Строителей ул.",15
1607,"Центральная ул.",23
1608,"А. Серебровской ул.",2
1609,"Рабочий пер.",23
1610,"Некрасова ул.",17
1611,"Калинина ул.",18
1612,"Комсомольская ул.",2
1615,"Победы ул.",14
1616,"Чапаева ул.",222
1617,"Зеленая ул.",13
1618,"Донская ул.",12
1620,"пр.иозерная ул.",59
1621,"Победы ул.",7
1623,"Зеленая ул.",7
1624,"Вокзальная ул.",7
1625,"Победы ул.",204
1626,"Школьная ул.",19
1627,"Ленинградская ул.",9
1628,"Сосновый пер.",3
1629,"Садовый пер.",32
1630,"Вокзальная ул.",15
1631,"Вокзальная пл.",2
1632,"Заводская ул.",23
1633,"Московская ул.",14
1636,"Фурманова ул.",2
1637,"Московская ул.",2
1638,"Пушкина ул.",9
1639,"Синявина ул.",9
1640,"С. Казака ул.",138
1641,"Зеленая ул.",109
1642,"Фонтанная ул.",172
1643,"Багратиона ул.",6
1644,"Сапер.ная ул.",6
1645,"Почтовая ул.",197
1646,"Молодежная ул.",6
1648,"Вокзальная ул.",1
1649,"Полевая ул.",1
1650,"Иркутско-Пинской дивизии ул.",58
1651,"Совхозная ул.",286
1652,"Школьная ул.",60
1653,"пр.олетарская ул.",68
1654,"Центральная ул.",287
1655,"З. Космодемьянской ул.",2
1656,"Дружбы ул.",2
1657,"К. Либкнехта ул.",2
1658,"пер.вомайская ул.",19
1659,"Романова ул.",9
1660,"Парковая ул.",3
1662,"Светлый пер.",22
1663,"Л. Толстого ул.",14
1664,"Западная ул.",38
1665,"Флотская ул.",9
1666,"Рабочая ул.",22
1667,"Центральная ул.",86
1669,"Садовая ул.",180
1670,"Лесопарковая ул.",149
1671,"Советская ул.",42
1672,"Киркинесская ул.",9
1673,"Победы ул.",262
1675,"Центральная ул.",173
1676,"Гвардейская ул.",81
1677,"Центральная ул.",87
1679,"Калининградская ул.",66
1680,"Почтовая ул.",226
1681,"Центральная ул.",176
1682,"Центральная ул.",178
1683,"Молодежная ул.",243
1684,"Полесская ул.",288
1685,"Гвардейская ул.",267
1686,"Центральная ул.",289
1687,"Гвардейская ул.",290
1689,"Центральная ул.",251
1690,"Школьная ул.",200
1691,"Почтовая ул.",222
1692,"наб.ережная ул.",292
1693,"Центральная ул.",196
1694,"Дружбы ул.",121
1695,"Калининградская ул.",150
1696,"Центральная ул.",293
1697,"Центральная ул.",257
1698,"Сосновая ул.",294
1699,"Центральная ул.",295
1701,"Центральная ул.",259
1702,"Полевая ул.",2
1703,"Жилинская ул.",297
1704,"Советская ул.",76
1705,"Центральная ул.",50
1706,"Школьная ул.",185
1707,"Черняховского ул.",298
1708,"Центральная ул.",299
1709,"Центральная ул.",20
1710,"Гусева ул.",300
1711,"Советская ул.",147
1712,"Почтовая ул.",301
1767,"Северный мол",9
1714,"Садовая ул.",207
1715,"Чкалова ул.",14
1716,"Красноармейская ул.",14
1717,"Школьная ул.",193
1718,"Октябрьская ул.",70
1719,"Калининградская ул.",264
1720,"Калининградская ул.",302
1721,"Центральная ул.",191
1722,"Московская ул.",303
1723,"Советская ул.",304
1724,"Почтовая ул.",83
1725,"Инкубаторная ул.",305
1726,"Черняховского ул.",82
1727,"Почтовая ул.",306
1729,"Гурьевская ул.",106
1730,"Центральная ул.",307
1731,"А. Суворова ул.",110
1732,"Почтовый пер.",308
1733,"Центральная ул.",157
1734,"Центральная ул.",309
1735,"Центральная ул.",310
1736,"Садовая ул.",311
1737,"наб.ережная ул.",2
1738,"Портовая ул.",12
1739,"Портовая ул.",3
1740,"Базарная ул.",2
1741,"Заводская ул.",109
1742,"Клиническая ул.",21
1743,"Рабочий пер.",22
1745,"Тольятти ул.",14
1751,"пер.вая Северная ул.",23
1753,"Головко ул.",9
1761,"Жуковского ул.",2
1762,"Госпитальный пер.",9
1763,"наб.ережная ул.",97
1765,"Московская ул.",9
1766,"М. Расковой",7
1768,"Советская ул.",9
1769,"Зеленая ул.",200
1770,"Балтийский пр.-т",321
1771,"Дачная ул.",9
1772,"пр.иморское ш",9
1773,"Новая ул.",175
1775,"Кутаисский пер.",0
1776,"Гоголя ул.",13
1777,"Лесная ул.",151
1778,"Заречный пр.",13
1779,"Хуторская ул.",13
1780,"Артиллерийская ул.",321
1781,"Яблоневая ул.",13
1782,"Кирпичная ул.",21
1785,"Школьная ул.",6
1786,"9 Мая ул.",23
1787,"Некрасова ул.",9
1788,"Берлинская ул.",129
1789,"Шоссейная ул.",324
1790,"Гурьевское ш",38
1791,"Московский пер.",7
1794,"Комсомольская ул.",20
1795,"Герцена ул.",7
1796,"28-й Армии ул.",16
1798,"Коопер.ативная ул.",24
1799,"Калининградская ул.",87
1800,"Лесная ул.",327
1801,"Центральная ул.",74
1802,"Ю. Гагарина ул.",12
1803,"Датский пр.",59
1805,"Калининградское ш",249
1806,"Красная ул.",125
1807,"Бровцева ул.",7
1808,"Ткаченко ул.",7
1809,"пр.омышленная ул.",206
1810,"Садовая ул.",13
1811,"Банковский пер.",20
1813,"Почтовая ул.",330
1814,"Березовая ул.",88
1815,"Березовая аллея ул.",81
1816,"Новоселовская ул.",262
1820,"Кутузова ул.",2
1821,"Фрунзе ул.",25
1822,"Театральная ул.",264
1823,"Советская ул.",333
1824,"Рензаева ул.",12
1825,"Ю. Гагарина ул.",9
1826,"Молодежная ул.",216
1827,"Советская ул.",12
1829,"Ленина пр.-т",6
1831,"Кометная ул.",0
1832,"Краснокаменный пер.",0
1834,"Майская ул.",0
1835,"Майский пер.",0
1857,"Арсенальный пер.",0
1840,"Беланова пер.",0
1841,"Сержанта Колоскова пер.",0
1845,"Старопр.удная ул.",0
1846,"Генерала Белобородова ул.",0
1850,"Энгельса пер.",0
1851,"Ю. Маточкина ул.",0
1852,"Цветочная ул.",0
1854,"Яхромская ул.",0
1855,"8 Марта ул. ",0
1856,"А. Бровковича ул.",0
1858,"Балашовская ул.",0
1859,"В. Денисова ул.",0
1860,"Генеральская ул.",0
1862,"Е. Колесникова ул.",0
1864,"Пионерский пер.",0
1865,"Суздальская ул.",0
1866,"Юбилейная ул.",0
1868,"Калининградское ш",89
1869,"Строительная ул.",85
1870,"Загородная ул.",8
1872,"Янтарная ул.",8
1873,"Чайковского ул.",1
1874,"Светлая ул.",318
1875,"Молодежная ул.",142
2081,"Центральная ул.",365
1877,"Маяковского ул.",2
1878,"Маяковского ул.",19
1879,"Горького ул.",2
2192,"Портовая ул.",22
1563,"Спортивный пер.",46
2082,"Тихая ул.",366
1569,"Парковый пер.",0
1991,"Советская ул.",143
1571,"А. Суворова ул.",3
1987,"Мира ул.",143
1577,"Мусоргского ул.",0
1593,"К. Либкнехта ул.",38
1614,"Балтийское ш",3
1754,"Красноармейская ул.",17
1755,"Луговой пер.",22
1756,"Ватутина ул.",18
1817,"Полевая ул.",130
1818,"Центральная ул.",331
1819,"Школьная ул.",332
1880,"Горького ул.",211
1881,"Михайлицина ул.",5
2083,"Б. Окружная ул.",0
1883,"Энергетиков ул.",0
1884,"Любимая ул.",334
2086,"Трудовая ул.",2
1886,"Дубовая аллея ул.",283
1887,"Гоголя ул.",14
1888,"Калининградская ул.",2
2087,"Калинина ул.",17
1890,"Заливная ул.",42
1891,"Менделеева ул.",6
1892,"Токарева ул.",25
1893,"Калининградский пр.-т",25
1894,"пр.авобережная ул.",101
1895,"Салтыкова-Щедрина ул.",2
1896,"Достоевского ул.",6
1897,"Утегенова ул.",6
1898,"Красина ул.",1
1899,"Пограничная ул.",22
1900,"Калининградская ул.",337
1901,"Гвардейский б-р",9
1902,"Нижнее ш",9
1903,"Тополиная аллея",305
1904,"Заводская ул.",13
1905,"Калининградское ш",156
2089,"Железнодорожная ул.",22
1907,"Охотничья ул.",163
1908,"Шоссейная ул.",79
1909,"Школьная ул.",246
1910,"Нестерова ул.",79
1911,"Центральная ул.",294
1912,"пр.игородная ул.",340
1913,"Молодежная ул.",214
1914,"Школьная ул.",295
1915,"Новая ул.",297
1916,"Центральная ул.",209
1917,"Комсомольская ул.",209
1918,"Катаева ул.",341
1919,"Подгорная ул.",1
1920,"Чапаева ул.",1
1921,"Калинина ул.",344
1922,"Заводская ул.",1
1923,"Больничный пер.",177
1924,"Комсомольская ул.",14
1925,"Железнодорожная ул.",346
1926,"А. Матросова ул.",2
1927,"Лопатина ул.",42
1928,"Пионерская ул.",7
1929,"Барклая де Толли ул.",14
1940,"Линейная ул.",18
1931,"Красная ул.",204
1943,"Интернациональная ул.",2
1933,"Марченко ул.",23
1934,"Некрасова ул.",2
1996,"Специалистов ул.",165
2095,"Коммунальная ул.",21
2001,"Луговая ул.",50
2098,"Новостроевская ул.",149
1977,"Каштановая ул.",5
2099,"Братская ул.",373
1947,"Птицеводческая ул.",0
1948,"Смоленская ул.",14
1949,"Ленинградская ул.",2
1950,"Центральный пер.",178
1951,"Школьная ул.",222
1952,"Комсомольская ул.",3
1953,"Центральная ул.",156
1954,"Центральная ул.",111
1995,"Сиреневая ул.",184
1998,"Почтовая ул.",195
1963,"Красноармейская ул.",68
1968,"Титова ул.",2
1962,"Октябрьская ул.",23
2100,"Букетная ул.",374
1970,"Мукомольная ул.",6
1971,"Пионерская ул.",9
1978,"Пограничная ул.",5
1974,"Октябрьская ул.",5
1979,"Водопр.оводная ул.",14
1980,"Школьный пер.",163
1981,"Лермонтовский пр.-т",12
1982,"Речная ул.",23
1983,"Сортировочная ул.",0
1984,"Советская ул.",195
2000,"Специалистов ул.",195
2010,"Школьная ул.",76
2003,"Центральная ул.",185
2005,"Заречная ул.",195
2007,"Школьная ул.",187
2009,"Школьная ул.",165
2011,"Рыбацкая ул.",168
2101,"Литейная ул.",17
2013,"Центральная ул.",350
2014,"Новая ул.",40
2015,"Яблочная ул.",351
2016,"Центральная ул.",126
2019,"Кольцевая ул.",298
2022,"Победы ул.",353
2021,"Строительная ул.",352
2025,"Звероводов ул.",354
2024,"наб.ережная ул.",184
2026,"Коопер.ативная ул.",195
2035,"Сосновая ул.",19
2028,"Молодежная ул.",143
2030,"Офицерский пер.",15
2032,"Гарнизонная ул.",3
2034,"Центральная ул.",358
2038,"Степная ул.",239
2037,"Новая ул.",8
2039,"Центральная ул.",152
2040,"Калининградская ул.",312
2041,"Молодежная ул.",361
2042,"Мечникова ул.",9
2043,"Советская ул.",10
2044,"Южная ул.",12
2045,"Ангарская ул.",221
2104,"Школьная ул.",251
2047,"Флотская ул.",321
2048,"Майский пер.",13
2049,"Садовая ул.",344
1525,"Дачная ул.",159
1526,"Пушкинская ул.",235
1527,"Октябрьская ул.",172
1528,"Садовая ул.",172
1529,"2-ой Газетный пер.",172
1530,"Победы ул.",172
2105,"Садовая ул.",146
2108,"Березовая ул.",376
1589,"Калининградская ул.",281
1606,"Озерная ул.",159
1613,"Морская ул.",13
1634,"Тухачевского ул.",14
1635,"Больничная ул.",21
1750,"Н. Карамзина ул.",0
1757,"Артемовская ул.",38
1758,"Железнодорожная ул.",159
1759,"Гвардейская ул.",24
1760,"Победы ул.",56
1783,"пр.игородная ул.",14
1784,"Больничная ул.",204
2124,"Инкубаторная ул.",14
1579,"Балебина ул.",159
1580,"Победы ул.",21
2125,"Центральная ул.",387
1599,"Багратионовская ул.",279
1597,"Ишимская ул.",21
1748,"Мира ул.",42
1749,"Центральная ул.",318
1871,"Гранитная ул.",8
1532,"Красная ул.",8
2126,"Центральная ул.",155
2127,"Центральная ул.",388
2128,"Специалистов ул.",389
2129,"Дружбы ул.",390
1587,"Железнодорожный пер.",13
1588,"В. Бусловского ул.",0
1486,"Гурьевская ул.",235
1491,"Школьная ул.",18
1497,"Красноармейская ул.",6
1499,"Ю. Смирнова ул.",6
1500,"Павлова пер.",6
2130,"Шоссейная ул.",391
1519,"Зеленая ул.",8
1520,"Калининградская ул.",3
1521,"Школьная ул.",1
1522,"Калининградская ул.",38
1523,"Баумана ул.",2
1487,"Комсомольская ул.",16
1492,"Гоголя ул.",9
1493,"Кочешкова ул.",9
1494,"Молодежная ул.",3
1495,"Восточная ул.",3
1496,"Лесная ул.",159
1498,"Спортивная ул.",15
1501,"Октябрьская ул.",7
1502,"Безымянный пер.",7
1503,"Чапаева ул.",2
1504,"Школьная ул.",2
1505,"Кировоградская ул.",2
1506,"К. Маркса ул.",2
1507,"Тимирязева ул.",2
1508,"Талаха ул.",2
1509,"Бурова ул.",2
1510,"Липовая ул.",2
1511,"Курчатова ул.",14
2131,"Саратовская ул.",7
1513,"Ленинградская ул.",14
1515,"Заводская ул.",3
1516,"Дружбы ул.",3
1518,"Фатыха Карима ул.",21
2132,"Калининградское ш",374
1488,"Черняховского ул.",1
1489,"Октябрьская ул.",1
1490,"Артиллерийская ул.",18
1475,"Московская ул.",13
1476,"Гофмана пер.",13
1477,"Нахимова ул.",25
1478,"Некрасова ул.",13
2133,"Балтийская ул.",392
1481,"Динамо ул.",13
1482,"Комсомольская ул.",180
1483,"Горького ул. ",13
1484,"Сибирский пер.",25
1547,"Совхозная ул.",104
1548,"Л. Толстого ул.",6
1549,"Заводская ул.",146
1744,"Каретная ул.",14
2135,"Центральная ул.",200
1537,"Красноармейская ул.",3
1538,"Мамоновское ш",21
1539,"пр.иморский пер.",12
1540,"Центральная пл.",13
1544,"Победы пер.",14
1545,"Калининградское ш",21
1942,"Ялтинская ул.",211
2193,"Парковая ул.",17
2137,"Школьная ул.",394
2139,"Центральная ул.",395
2140,"Юбилейная ул.",171
2145,"Багратиона ул.",16
2147,"Советская ул.",32
2148,"Шаманова ул.",13
2149,"Бетховена ул.",2
2154,"Гарнизонная ул.",404
2156,"Чекистов ул.",109
2168,"Героев пл.",56
2169,"Юности ул.",56
2170,"Мира ул.",56
2173,"Советская ул.",301
2194,"Маяковского ул.",13
2196,"Свободы ул.",266
2065,"Державина пер.",0
2066,"Дружный пер.",0
2067,"Р. Люксембург пер.",0
2092,"Новая ул.",371
2090,"Мостовая ул.",9
2157,"Школьная ул.",136
2085,"В. Терешковой ул.",367
2088,"Жилинское ш",2
2091,"Новая ул.",369
2050,"Садовая ул.",281
2069,"Камышовая ул.",0
2062,"Болотный пер.",0
2060,"Индустриальная ул.",364
2070,"Костромская ул.",0
2103,"Комсомольская ул.",375
2072,"Липовая аллея ул.",0
2075,"Р. Зорге ул.",0
2074,"М.А. Бул.атова ул.",0
2078,"Украинская ул.",0
2077,"Рябиновая ул.",0
2079,"Молодежный пер.",139
2080,"Советская ул.",139
2102,"Кузнецкая ул.",52
2112,"Центральный пер.",114
2113,"Калининградская ул.",344
2160,"Школьная ул.",52
2161,"Коммунальная ул.",79
2162,"Полевая ул.",150
2163,"Школьная ул.",85
2164,"Южная ул.",41
2165,"Гусева ул.",41
2175,"Кул.ешова ул.",347
2178,"Школьная ул.",89
2177,"Школьная ул.",137
2181,"Центральная ул.",216
2180,"Школьная ул.",216
2182,"Луговая ул.",262
2183,"Калининградская ул.",307
2184,"Школьная ул.",306
2185,"Центральная ул.",306
2188,"Янтарный пер.",2
2187,"Станционная ул.",6
2190,"Заводская ул.",24
2093,"Елистратова ул.",172
2110,"Шоссейная ул.",5
2111,"Свободы ул.",2
2114,"Центральная ул.",383
2115,"Совхозная ул.",165
2116,"Советская ул.",41
2117,"Победы ул.",384
2118,"Калининградская ул.",35
2119,"Центральная ул.",385
2120,"Центральная ул.",386
2121,"Школьная ул.",365
2122,"Гвардейская ул.",377
2123,"Советская ул.",378
2141,"Гвардейская ул.",152
2146,"Загородная ул.",18
2150,"Мелиоративная ул.",6
2151,"Ю. Гагарина ул.",1
2152,"Степная ул.",12
2153,"Парковая ул.",403
2155,"пр.охладная ул.",8
2084,"Садовая ул.",19
2094,"Горького ул.",23
2109,"Вокзальная ул.",22
2142,"Пушкина ул.",13
2143,"Молодежная ул.",397
2144,"Садовая ул.",385
2195,"Транспортный тупик",0
2191,"Школьная ул.",117