"BRANCH_ID","NAME"
3233,"www.solaristd.ru"
11687,"www.light-city.kaliningrad.ru"
2749,"www.sitemade.ru"
2753,"www.transexim.ru"
641,"www.peek.ru"
26075,"www.siltech.ru"
3035,"www.russ-hotel.ru"
453,"www.avenue-agency.ru"
2897,"www.ecomatic.ru"
8019,"www.kronushotels.ru"
12927,"www.kronushotels.ru"
2983,"www.sambiahotel.com"
2989,"www.cranzhotel.ru"
5995,"www.ufskn39.ru"
16667,"www.timbero.ru"
9974,"www.artis-mebel.ru"
3136,"www.zhbi2.ru"
19640,"www.deti39.com"
3453,"www.ugsk.ru"
16556,"www.etype.ru"
23622,"www.valtec.ru"
9453,"www.rbgroupp.ru"
19693,"www.telec.ru"
3852,"www.intersunbeam.ru"
20660,"www.edinoros39.ru"
19694,"www.nii-mis.ru"
16654,"www.azbuka39.ru"
4442,"www.tikom.ru"
6157,"www.blackberets.ru"
6196,"www.edkar.ru"
21155,"www.kremniy.net"
2616,"www.chartis.ru"
4831,"www.pechati39.ru"
15295,"www.vdpo39.ru"
20035,"www.akvarel-print.ru"
26225,"www.ra-atmosfera.ru"
17939,"www.osgroup.ru"
3254,"www.stroy.dekorum.info"
2524,"www.stolle.ru"
3258,"www.999-911.рф"
2478,"www.uralsibins.ru"
4399,"www.renins.com"
6756,"www.ogni-goroda.ru"
7011,"www.landis39.ru"
3412,"www.navigator-agency.ru"
7098,"www.grandhotel.ru"
26223,"www.questoria.ru"
4162,"www.lefutur.ru"
26224,"www.gidrus.com"
8197,"www.est-kaliningrad.ru"
2821,"www.partner-invest39.ru"
26231,"www.dachser.com"
8777,"www.opotim-electric.ru"
23523,"www.petushok.ru"
2560,"www.vverh.net"
24391,"www.glavtrassa.ru"
10878,"www.baltcvetmet.ru"
2624,"www.atlastour.kaliningrad.ru"
16671,"www.vsk.ru"
2666,"www.avtotor.ru"
15623,"www.baltmotors.ru"
16333,"www.avtozap74.ru"
25827,"www.medosmotr39.ru"
15439,"www.arteglass.ru"
3258,"www.navigatorgrp.ru"
2230,"www.kolor-komplekt.ru"
22672,"www.kk-oil.ru"
999,"www.kasper39.ru"
17029,"www.terraelectronics.com "
23368,"www.okstrade.ru"
16391,"www.termoprint.ru"
10702,"www.reg39.roszdravnadzor.ru"
23857,"www.pari-tour.ru"
23859,"www.c-go.ru"
6185,"www.allerus.ru"
6213,"www.st39.ru"
23859,"www.dostavkagruzov.com"
26273,"www.freekaliningrad.ru"
6351,"www.santaservice.ru"
12464,"www.pragmatika.ru"
19744,"www.strojsvet.kalg.ru"
18606,"www.aquafin.ru"
6500,"www.k-clean.ru"
6596,"www.target-39.ru"
16323,"www.сэв-сервис.рф"
23860,"www.tvs39.ru"
2477,"www.pizzamama.ru"
19307,"www.kompas39.ru"
6886,"www.biolaz.ru"
6892,"www.amsterdam-club.ru"
400,"www.velox-bausysteme.com"
26278,"www.prusoil.com"
15523,"www.shlifin.ru"
7132,"www.eurotrust.ru"
17025,"www.holiday39.ru"
7193,"www.ingenering.ru"
2346,"www.mirzamkov.org"
8040,"www.i-ts.ru"
24391,"главтрасса.рф"
7082,"www.living-book.ru"
25012,"www.custom-gid.ru"
25015,"www.advokatmarkelov.ru"
18211,"www.milan-mebel.ru"
126,"www.thomasbk.ru"
156,"www.adriano-mebel.ru"
170,"www.sviaz-bank.ru"
1358,"www.logistika-zapad.ru"
1522,"www.moskb.ru"
218,"www.septimatour.ru"
980,"www.variobalt.ru"
988,"www.venta39.ru"
996,"www.altex.kaliningrad.ru"
25016,"www.gmemory.ru"
1042,"www.baltvent.ru"
1047,"www.irbis.su"
1049,"www.rechdan.com"
1060,"www.alfastrah.ru"
563,"www.nevelichka-kgd.ru"
25017,"масло39.рф"
23492,"www.zarnitsa.su"
1315,"www.hotel.kaliningrad.ru"
25018,"www.baltamber.ru"
25815,"www.novyeidei.narod.ru"
25019,"www.dis-prime.ru"
1416,"www.petushok.ru"
1490,"www.ajur39.ru"
23422,"www.alteza39.ru"
1531,"www.zenit.ru"
7322,"www.miatrans.ru"
1542,"www.trust.ru"
19754,"www.svetlyburo.ru"
1556,"www.gutains.ru"
1567,"www.park-tour.ru"
1625,"www.ds10.ru"
25043,"www.kardiolita.lt"
25048,"www.ack39.ru"
1723,"www.favorit-39.ru"
1733,"www.reutklimat.ru"
1739,"www.omc.ru"
1749,"www.pictorica.ru"
1802,"www.dlink.ru"
25364,"www.intexkaliningrad.ru"
1853,"www.rosbank.ru"
1880,"www.rol-service.ru"
1888,"www.bit39.ru"
1892,"www.serpantinas.com"
9891,"www.pivovar-kld.ru"
1930,"www.spsr.ru"
1940,"www.smsmedia.ru"
1941,"www.westpower.ru"
1956,"www.baltlaw.ru"
125,"www.modulstroy.ru"
25365,"www.ledmatrix.ru"
25088,"www.ksvent.com"
2063,"www.trusk-shop.ru"
2125,"КПС39.рф"
2095,"www.actins.ru"
2113,"www.ag-mebel.ru"
2155,"www.onutc.ru"
2175,"www.ifc.kaliningrad.ru"
8254,"www.bis-info.com"
1177,"www.edkar.ru"
8705,"www.annakaliningrad.ru"
25363,"www.yellowsmile39.tiu.ru"
2339,"www.solo.com.ru"
25366,"www.it-smeta.com"
9473,"www.shar-plus.ru"
9489,"www.nit.lt"
25367,"www.nb-consult.ru"
25368,"www.eridan39.ru"
4465,"www.centrodent.ru"
11852,"www.event39.ru"
9650,"www.gala-market.ru"
7390,"www.olympic-online.ru"
25371,"www.rfs-rf.ru"
9690,"www.kfanx.ru"
21285,"www.hatey.ru"
9999,"www.wes-com.ru"
8651,"www.lesobalt.ru"
312,"www.mega-vit.com"
14695,"www.baltalex.ru"
9025,"www.asida.ru"
7085,"www.securicop.ru"
7788,"www.rus-inn.ru"
25814,"www.skinclinic39.ru"
10592,"www.hyundai-kaliningrad.ru"
8621,"www.baltimpro.ru"
5919,"www.mapkld.ru"
10860,"www.arnita.com"
10887,"www.mt-t.ru"
8032,"www.stanki-vera.ru"
3029,"www.teploconsalt.ru"
7309,"www.almak.ru"
9140,"www.esva-its.ru"
26095,"www.tehnocervic.narod.ru"
11312,"www.furnitex.info"
26097,"www.mrtexpert.ru"
23411,"www.did-invest.ru"
2336,"www.printkarton.ru"
11289,"www.altex.kaliningrad.ru"
12666,"www.r39.rosinv.ru"
11890,"www.tnt.ru"
8978,"www.viraj39.ru"
493,"www.matiss-mebel.ru"
7562,"www.profstar.ru"
9905,"www.fishklub.ru"
665,"www.ingafarm.ru"
8854,"www.fdkm.ru"
12595,"www.glenar.ru"
8344,"www.aviton.ru"
26098,"www.ssangyong39.ru"
18033,"www.21-vek.spb.ru"
22691,"www.av-group.ru"
1710,"www.germaflex.info"
23392,"www.notvirtualcards.ru"
8600,"www.aelitanet.ru"
9462,"www.affix.ru"
854,"www.climate-style.ru"
400,"www.velox.cz"
4404,"www.gonec.ru"
9828,"www.garant39.ru"
1916,"www.arbat-com.ru"
7055,"www.klavdia.info"
23424,"www.novayaapteka.ru"
22906,"www.аттестациярм.рф"
4578,"www.gaz39.ru"
26176,"оперучет.рф"
18801,"www.allianz.ru"
23624,"www.npfnn.ru"
685,"www.pk39.ru"
8325,"www.ipreka.ru"
6150,"www.drh-k.ru"
23626,"www.sberleasing.ru"
26177,"регистратор39.рф"
4584,"www.baltma.ru"
26180,"www.expertkaliningrad.ru"
23633,"www.abc-development.ru"
10160,"www.pbrk.ru"
10164,"www.777222.ru"
23491,"www.trapeza.ru"
23654,"арбуз39.рф"
1947,"www.marlowkaliningrad.ru"
9514,"www.apress.me"
10420,"www.popovea.ru"
989,"www.ekotehpro.ru"
8270,"www.ocenka-kld.ru"
11409,"www.concept-buro.ru"
16822,"www.shindorado39.ru"
4223,"www.atokom.ru"
26182,"www.avangard-avto.net"
3284,"www.akfengroup.ru"
7735,"www.evrotent.ru"
23740,"www.duma39.ru"
15365,"www.ros.ru"
10947,"www.avangard.ru"
10986,"www.v-svetlogorsk.ru"
65,"www.rdn39.ru"
1946,"www.skov.ru"
3172,"www.abris-torg.ru"
901,"www.europost.su"
11131,"www.doska-brus.nm.ru"
24137,"www.vivo-porte.ru"
7146,"www.vicom.ru"
26213,"www.siyana-profi.ru"
3426,"www.mankts.ru"
2525,"www.diomed39.ru"
11915,"www.relife-realty.ru"
11947,"www.bookean.ru"
15428,"www.bzmk.net"
7212,"www.petson.ru"
12060,"www.asdom.ru"
8900,"www.myreis.ru"
8740,"www.mak-ltd.koenig.ru"
26277,"www.аттестациярм.рф"
22970,"www.аттестациярм.рф"
7777,"www.bars-ltd.ru"
12182,"www.clickart.ru"
11454,"www.demersus.ru"
536,"www.suvenirbalt.com"
336,"www.kpp39.ru"
6161,"www.olympic-online.ru"
2738,"www.gorodkanta.ru"
97,"www.baltichouse.org"
300,"www.leasing.uralsib.ru"
11404,"www.sirius-it.ru"
5175,"www.kibs.ru"
10184,"www.woojin.ru"
6172,"www.baltrecruit.ru"
14609,"www.beeline.ru"
24791,"www.kaliningrad.mts.ru"
7423,"www.orangefit.ru"
319,"www.forexclub.ru"
9635,"www.kaliningrad.megafon.ru"
24802,"www.armnikc.ru"
340,"www.alvistravel.ru"
343,"www.zbds.westrussia.ru"
24817,"www.avtodengi.com"
24817,"автоденьги.рф"
24912,"www.alombard1.ru"
445,"www.gts39.ru"
6644,"www.npm.no"
2394,"www.stroyka39.info"
14643,"www.zao-z.ru"
24914,"www.perevoz-ki.com"
2433,"www.smpbank.ru"
2443,"www.transmarine.ru"
2455,"www.arhimed.net"
265,"www.VTB24.ru"
1305,"www.asbi.ru"
1512,"www.aveaship.ru"
1780,"www.rusradio-kaliningrad.ru"
1905,"www.fishboat.ru"
24923,"www.39expert.ru"
53,"www.vet39.ru"
6202,"www.novikontas.ru"
74,"www.a-kovalsky.ru"
280,"www.okaudit.ru"
289,"www.wbt.ru"
1119,"www.koenigagro.ru"
1143,"www.newtech39.ru"
1150,"www.dantist.kaliningrad.net"
1226,"www.autoil.ru"
4195,"www.hotel-tourist.net"
1250,"www.poehali-kaliningrad.ru"
10739,"www.agroing.ru"
1261,"www.vismant.ru"
1263,"www.arabela.ru"
1428,"www.dimex.ws"
1437,"www.omaxjetsystem.ru"
1449,"www.velga-tyres.ru"
1483,"www.sgs.com"
870,"www.koenigsauce.ru"
2494,"www.577750.ru"
358,"www.misolla.ru"
363,"www.538353.com"
18743,"www.trishclinic.ru"
383,"www.intour.info"
24947,"www.gerda39.ru"
841,"www.baltpolymer.com"
2629,"www.molbert1.ru"
24948,"www.cnr39.ru"
24949,"www.ups39.ru"
6219,"www.kalinin39.com"
62,"www.gorodkanta.ru"
24950,"www.psiholog-pomogi.ru"
1330,"www.dom-servis39.ru"
11705,"www.akkum39.ru"
24951,"www.ohrana39.org"
20959,"www.continent.net"
267,"www.balticshtern.ru"
12567,"www.bonchancetour.ru"
11205,"www.303355.ru"
12451,"www.poli-print.com"
1402,"www.meco-germany.de/ru"
7960,"www.arti-auto.ru"
368,"www.ro39.ru"
4960,"www.ganiko.ru"
12732,"www.stroyteh39.ru"
12807,"www.bobcat-kaliningrad.ru"
10487,"www.alfa39.ru"
10867,"www.proxys.ru"
12910,"www.nomos.ru"
5090,"www.39print.ru"
19451,"www.reklama-kld.ru"
18712,"www.tmrsystems.ru"
21032,"www.mebel39.com"
13330,"www.hotel.navigator-group.ru"
24956,"www.u-center.kalg.ru"
22139,"www.kafelsalon.ru"
24961,"www.baltexotic.ru"
14156,"www.holiday.39rus.ru"
9850,"www.aforms.ru"
428,"www.ksilkoenig.ru"
16597,"www.active39.ru"
12850,"www.nasledie39.ru"
4284,"www.musteatr.ru"
22954,"www.sobor-kaliningrad.ru"
24314,"www.tur-a-39.ru"
8282,"www.unifinance.org"
18530,"www.detsad39.ru"
2798,"www.dvina-online.ru"
24319,"www.doverieklg.ru"
24321,"www.itclinic.pro"
4944,"www.kaliningrad.buddhism.ru"
25179,"www.baltrybkom.ru"
7106,"www.setlestate.com"
24401,"www.aomoloko.com"
1754,"www.protea39.ru"
9971,"www.lenspecsmu.ru"
9155,"www.kvsalon.ru"
18692,"www.feips.ru"
10029,"www.avm-trend.ru"
26211,"www.avenmaf.ru"
8231,"www.zapvodproekt.ru"
655,"www.klondaik-center.ru"
4368,"www.impera.ru"
4690,"www.hotel-cottbus.ru"
24788,"www.jaguar-black.ru"
7588,"www.mansarda.in"
11616,"www.kkm-centr.ru"
15164,"www.experta.su"
551,"www.fortuna-tour.info"
11875,"www.kdink.com"
4602,"www.carcade.com"
8896,"www.wergoniy.wmsite.ru"
4549,"www.ipositron.ru"
18100,"www.blackat.ru"
902,"www.statusexpert.ru"
1821,"www.urist-office.com"
10169,"www.tavrida.ru"
22460,"www.nebo-nad-gorodom.ru"
10177,"www.sk-monolit.ru"
10180,"www.assistance39.ru"
548,"www.bas-kd.ru"
10192,"www.gtcorporation.com"
4307,"www.700700.ru"
8521,"www.sector-pro.ru"
9936,"www.rus-pir.ru"
10884,"www.ka-sk.ru"
1926,"www.konicaminolta.ru"
1338,"www.autobina.ru"
11576,"www.39ksc.ru"
10884,"www.archeton.ru"
8079,"www.laptau.kaliningrad.org"
1038,"www.expert-kld.ru"
25045,"www.memori.ds39.ru"
10409,"www.baltik-diesel.com"
10416,"www.popovea.ru"
7329,"www.svetovstroy.ru"
10418,"www.krovly-sv.oml.ru"
1183,"www.sanilux.ru"
25178,"www.gasoil.ru"
601,"www.holmrock.ru"
12262,"www.holmrock.ru"
20267,"www.mastertattoo39.ru"
6894,"www.worldofeducation.ru"
10418,"www.nordbitum.com"
115,"www.coalcompany.ru"
22923,"www.granartgallery.net"
25274,"www.eikos-balt.ru"
25275,"www.szpromservis.ru"
25280,"www.koncept-m.ru"
10894,"www.finam.ru"
434,"www.teplogaz39.ru"
25282,"www.raznopolye.ru"
1130,"www.baltic-optik.ru"
3103,"www.bspb.ru"
177,"www.profit-oil.ru"
7592,"www.linde-gas.ru"
10933,"www.balticdom.ru"
18874,"www.artmix.ru"
25287,"www.gidroizol.org"
10985,"www.inter-hobby.ru"
10997,"www.avtolider39.ru"
11001,"www.sotrex.ru"
13985,"www.zhara-online.ru"
11012,"www.avtomobilnydom.ru"
25290,"www.remaks39.ru"
11023,"www.graco.de"
428,"www.ksil.com"
11073,"www.borovikova.com"
968,"www.sigmabaltia.ru"
7201,"www.info39.ru"
11079,"www.upiter-tech.ru"
25291,"www.kenig13.ru"
11153,"www.stieblich.com"
15921,"www.nikstour.ru"
4701,"www.rintal.ru"
24829,"www.k2c.ru"
11716,"www.ancor.ru"
6750,"www.komfortniydom.ru"
3083,"http://usd.kln.sudrf.ru/"
10373,"www.antivor.ru"
24825,"www.mariorioli.ru"
1470,"www.irida-kaliningrad.ru"
3175,"www.tbm.ru"
3254,"www.ocenka.dekorum.info"
15927,"www.vatan.ru"
24827,"www.potolok-mnp.ru"
24832,"www.1c-kaliningrad.ru"
3615,"www.lazurit.com"
3641,"www.advingroup.ru"
24835,"www.39city.ru"
24836,"www.39shtat.ru"
5144,"www.park-kosa.ru"
5160,"www.kapelev.ru"
5166,"www.pnkld.ru"
6189,"www.technoavia.ru"
1211,"www.7sky.tv"
24840,"www.ak-studio39.ru"
12711,"www.kaliningrad.granit-stone.com"
24842,"www.aroma-air.ru"
6373,"www.balticfair.com"
6404,"www.osgroup.ru"
6440,"www.fidelity.ru"
12275,"www.lama-kaliningrad.narod.ru"
3151,"www.mp-pet.com"
24849,"www.beautyderm.ru"
6479,"www.y-k.ru"
22833,"www.cinnocillini.com"
24854,"www.craftini.ru"
24821,"www.montagservise.ru"
2431,"www.shelen.ru"
9117,"www.marintech.ru"
3485,"www.villa-severin.ru"
6643,"www.natalie-tours.ru"
7800,"нвремя.рф"
17126,"www.kurhauscranz.ru"
4771,"www.KRGGU.ru"
7096,"www.alterdoktor.ru"
7097,"www.warshken.ru"
7111,"www.rusipoteka.ru"
25044,"эдвентим.рф"
22272,"www.zapadtehsnab.narod.ru"
8010,"www.efas-3.ru"
19244,"www.dveristop.ru"
7407,"www.honix.ru"
7410,"www.formastone.ru"
3155,"www.geoterm39.ru"
25207,"www.baxov.ru"
8005,"www.ipoteka-kaliningrad.ru"
25210,"www.steelhouse39.ru"
12999,"www.image.kanet.ru"
18894,"www.genom-eko.ru"
18601,"www.mebelgrinda.ru"
14845,"www.romanenko-yogo.ru"
18898,"www.300370.ru"
25212,"www.egi39.ru"
16722,"www.jc-house.ru"
10307,"www.sopro39.ru"
8091,"www.dosug-na-kose.ru"
25214,"www.profko.ru"
25222,"www.renatshelest.ru"
25226,"www.dom39a.ru"
8551,"www.optim-crane.ru"
25229,"www.baltic-energy.ru"
8777,"www.opotim-electro.ru"
8777,"www.opotim-energo.ru"
8807,"www.iriscapital.ru"
25230,"www.brisen.ru"
25231,"www.rtlink.ru"
9004,"www.sogaz.ru"
9017,"www.balticreed.ru"
9291,"www.1c39.ru"
7463,"www.sfinx.pul.ru"
2572,"www.puro.ru"
2585,"www.vestnik-gosreg.ru"
2611,"www.metarus.ru"
25418,"www.paris-deluxe.ru"
25293,"www.tehosmotr39.ru"
2634,"www.postec.ru"
4376,"www.dorznak.com"
2074,"www.tstarter-kld.ru"
2609,"www.anextour.ru"
2736,"www.happyfaces.ru"
2536,"www.dhl.ru"
18983,"www.25bek.ru"
3183,"www.stalkor.ru"
25469,"www.moduslex.ru"
3249,"www.panorama-lux.com"
3247,"www.volvotrucks.ru"
16534,"www.dsvrussia.ru"
1736,"www.exp.sfc-sakh.com"
3285,"www.simbia.ru"
22198,"www.preobrinfo.ru"
3473,"www.klops.ru"
3494,"www.alvistravel.ru"
3517,"www.kar-vit.net"
22205,"www.abc39.ru"
4215,"www.ktt.kaliningrad.ru"
4225,"www.rstyle.kaliningrad.ru"
15452,"www.pifagor39.ru"
704,"www.ptl.ru"
4446,"www.fotokeramika.ru"
25474,"www.mebel-komplekt.com"
4900,"www.ebsi.ru"
5201,"www.fpmp39.ru"
4159,"www.kadasrt39.ru"
25616,"www.s7.ru"
5497,"www.zimerbude.com"
7595,"www.givelirtorg.spb.ru"
7598,"www.juvelirtorg.spb.ru"
7599,"www.juvelirtorg.spb.ru"
7602,"www.juvelirtorg.spb.ru"
1543,"www.hromsant.ru"
23384,"www.nt39.ru"
11379,"www.hotelblues.ru"
25656,"www.tiande.ru"
25656,"www.tiande.kalg.ru"
7505,"www.radugazvukov.ru"
8559,"www.baltica-hotel.ru"
6393,"www.aviatorhotel.ru"
16443,"www.kenig-gomeopatia.ru"
19589,"www.radissonblu.com"
8133,"www.hoffman-house.ru"
22534,"www.prava39.ru"
8146,"www.hotelolimp.ru"
8166,"www.sanatoriy-otradnoe.ru"
42,"www.rynokzhilia.ru"
98,"www.baltichouse.org"
109,"www.bmw-baltavtotrade.ru"
20951,"www.antikwaroff.ru"
10152,"www.taurus-expert.ru"
6836,"www.glavremstroy.com"
164,"www.pkb.ru"
11201,"www.satgate.net"
172,"www.avtoresurs.net"
7381,"www.alfarielt.ru"
10876,"www.sovtec39.ru"
17013,"www.tcb.ru"
207,"www.bm.ru"
213,"www.runako.ru"
9587,"www.mik-avia.ru"
16881,"www.delicatessen39.ru"
219,"www.triumph-palace.ru"
220,"www.glamour-hotel.ru"
17513,"www.ramella.ru"
18476,"www.netvode.ru"
248,"www.kaliningradtour.ru"
252,"www.boolean.ru"
852,"www.soexbalt.ru"
981,"www.kaliningrad-cci.ru"
986,"www.pecom.ru"
990,"www.chisto.ru"
991,"www.etpma.ru"
992,"www.tochkaopory.ru"
24940,"www.alstar-express.ru"
14761,"www.domkaliningrad.ru"
278,"www.etoya.ru"
10308,"www.gb-kld.ru"
1039,"www.amdlab.ru"
1043,"www.alitprim.ru"
25766,"www.nd39.ru"
1048,"www.cstrade.ru"
1056,"www.merida39.ru"
937,"www.ubilejny-lux.ru"
430,"www.ekodem.ru"
25767,"www.turbo39.ru"
22367,"www.luxstroy39.ru"
8873,"www.ft39.ru"
19243,"www.kldsat.ru"
10744,"www.kislota39.ru"
11983,"www.las-palmas.ru"
3959,"www.arinaaudit.ru"
1105,"www.nomerraz.ru"
1106,"www.robinzon39.ru"
25770,"www.magnes39.ru"
25682,"http://globus-link.ru/"
11306,"www.effectal.ru"
25068,"www.enforta.com"
1313,"www.baltica.ru"
16583,"www.inform-expert.ru"
1323,"www.vokrugsveta39.ru"
1343,"www.sts-telecom.com"
1344,"www.zlatnic.ru"
1361,"www.kmrp.ru"
25070,"www.sim39.ru"
25071,"www.transbc.ru"
25074,"www.orus.biz"
1405,"www.homecredit.ru"
25075,"www.oxford-house.ru"
1419,"www.affa-kld.ru"
7039,"www.planetaPB.ru"
1423,"www.baltlaminat.ru"
20707,"www.fotosuvenir39.ru"
17827,"www.factoring.ru"
19376,"www.ksc-comp.ru"
1528,"www.lockobank.ru"
1800,"www.kaliningradplaza.ru"
25965,"www.argus39.ru"
25078,"www.wkind.ru"
16683,"www.uniastrum.ru"
12466,"www.poseidon-2000.ru"
25788,"www.destroyshop.ru"
1545,"www.bank39.ru"
18385,"www.kdc-hanse.ru"
1550,"www.psbank.ru"
1552,"www.raiffeisen.ru"
2401,"www.russamber.com"
25791,"www.terrasa-kaliningrad.com"
10212,"www.toni-guy.ru"
19503,"www.zarodiny.ru"
1569,"www.alliance1892.ru"
1572,"www.toptoptraining.ru"
1573,"www.banksoyuz.ru"
1114,"www.telebalt.ru"
7266,"www.promstroy.biz"
14205,"www.adidas.com"
25794,"www.integros-shop.ru"
1677,"www.energogarant.ru"
727,"www.totalauto39.ru"
16570,"www.szem.kaliningrad.net"
1706,"www.turtle-hotel.ru"
1728,"www.fireworkshan.com"
2181,"www.smileline39.ru"
25930,"www.mtsbank.ru"
19410,"www.reebok.com"
18817,"www.csm39.ru"
82,"www.levipstyle.ru"
1796,"www.riel-auto.ru"
1801,"www.kurganbalt.ru"
9709,"www.maks.ru"
12722,"www.gukon.ru"
11385,"www.optica-express.ru"
15354,"www.camprus.ru"
10313,"www.ekopet.ru"
7162,"www.rshb.ru"
19429,"www.taik-ken.ru"
9056,"www.nimb-project.ru"
10093,"www.id-mebel.ru"
25988,"www.bio-sculpture.ru"
25935,"www.kbsa.narod.ru"
2074,"www.tstarter.ru"
14664,"www.mnogoklientov.org"
2094,"www.ponyexpress.ru"
25942,"www.ledlux39.ru"
25949,"www.kanadskiedoma39.ru"
16729,"www.aisteam.ru"
2150,"www.vidyakin.ru"
2156,"www.camelia39.ru"
6810,"www.fridrihotel.ru"
2207,"www.akc39.org"
2209,"www.glkit.ru"
17690,"www.nadejdamed.ru"
355,"www.spripoteka.ru"
23024,"www.vitesse39.ru"
12955,"www.Pirat39.ru"
6433,"www.markis-obuv.ru"
7107,"www.ipoteka-tut.ru"
2258,"www.rielt-f.ru"
15418,"www.mushkino.ru"
2345,"www.dallas.ru"
19548,"www.autolombard39.ru"
25983,"www.villa-elisa.ru"
16974,"www.spektr39.ru"
25991,"www.sauna39.ru"
25994,"www.relax-39.ru"
8010,"www.tahograf.ru"
2809,"www.tk-tat.ru"
1638,"www.promco.net"
25625,"www.l-club-vip.ru"
2203,"www.rmzavod.ru"
15360,"www.baltrest.ru"
2991,"www.rusholod.ru"
9548,"www.falke-hotel.ru"
25635,"www.sauna39.ru"
9562,"www.educationcenter.cz"
3685,"www.bdn-group.ru"
19586,"www.ogsb.ru"
7233,"www.tstn.ru"
476,"www.kaliningradbereg.ru"
1396,"www.ooo-buratino.ru"
25858,"www.hotel-universal.ru"
25636,"www.lavkalavka.com"
19615,"www.hutorok.net"
25637,"www.lakme.com"
9685,"www.ampir.ru"
25637,"www.lakmerussia.ru"
9968,"www.39.ru"
2986,"www.baltcrown.ru"
25638,"www.bany39.ru"
7670,"www.invent-realty.ru"
9997,"www.ramki-nomerov.ru"
1650,"www.mcnovomed.ru"
25693,"www.svet-vnutri.ru"
25724,"www.dav-klimat.kalg.ru"
4560,"www.isokgd.ru"
19617,"www.crystalhotel.ru"
3844,"www.elmemetall.ee"
1075,"www.attikashop.com"
19618,"www.ovrata.ru"
12928,"www.kronushotels.ru"
19621,"www.vishtynec.ru"
19624,"www.gefest-39.ru"
15164,"Skype: experta39"
25745,"www.luno-hod.ru"
4416,"www.region-snab.com"
25743,"www.roskedr39.ru"
2850,"www.lentoshnyepily.ru"
25745,"www.o-mp.ru"
8014,"www.baltenergoprom.ru"
7962,"www.printsv.ru"
25747,"www.prozdorovie.info"
25747,"www.zdorovie-centr.ru"
25356,"www.sharovik.net"
10826,"www.herocraft.com"
3505,"www.softline.ru"
6592,"www.officedepo.ru"
20339,"www.tipek.ru"
25356,"vk.com/sharovik39ru"
25836,"www.tuta-bonus.ru"
11042,"цвд.рф"
25838,"www.zarya.eu"
16306,"www.orange-lab.ru"
25626,"www.u-neptuna.ru"
17943,"www.sacla.ru"
7588,"www.roto.ru"
17824,"www.onduline.ru"
25859,"www.hotelusadba.ru"
7335,"www.comfort-garant.ru"
26015,"www.insteragrotrade.ru"
25860,"подарыч.рф"
10201,"www.artcom.kaliningrad.ru"
26016,"www.amberstroy.com"
20251,"www.luch-design.com"
25861,"www.heliopark.ru"
18245,"www.stroiforma.ru"
25863,"www.tuta-bonus.ru"
26001,"www.ichilovtop.com"
11842,"www.lonmadi.ru"
26003,"www.trotuar39.ru"
16252,"www.mushkino.ru"
8163,"www.yantarbereg.ru"
9171,"www.triumf-bike.ru"
11929,"www.ackp.ru"
16546,"www.hotelpack.ru"
26018,"www.ros-vakuum.ru"
11960,"www.timesrest.ru"
8778,"www.nimaxmebel.ru"
11969,"www.mirxobbi.ru"
23108,"www.tehno-baza.ru"
11988,"www.profstar.ru"
10477,"www.balticIT.ru"
12008,"www.dominga-nik.ru"
14352,"www.na-baltike.com"
2939,"www.sputnik.baltnet.ru"
1658,"www.smprom.ru"
7696,"www.zalesie39.ru"
10937,"www.tdb39.ru"
2316,"www.baltalliance.com"
20258,"www.gutenberg-press.ru"
20259,"www.babygut.ru"
20265,"www.cks.tiu.ru"
18010,"www.td-britanika.kalg.ru"
14577,"www.klk-lift.ru"
25005,"www.masterstvo39.ru"
20421,"www.orfey-mebel.ru"
1057,"www.merida39.ru"
14261,"www.para-original.com"
14328,"www.vipevropa.kalg.ru"
14359,"www.kaliningrad.fsb.ru"
14531,"www.olmetta.ru"
25006,"www.nuga-kaliningrad.ru"
25149,"www.janneta.ru"
4749,"www.region-proekt.com"
15409,"www.katren.ru"
15255,"www.mediline39.ru"
15686,"www.vtbins.ru"
25479,"www.asterclub.ru"
13268,"www.orekhovo.ru"
2062,"www.truck-shop.ru"
16388,"www.truck-shop.ru"
16595,"www.bancaintesa.ru"
9352,"www.baltmetcompany.ru"
9348,"www.baltmetcompany.ru"
16663,"www.baltmetcompany.ru"
16351,"www.ju-ris.ru"
1322,"www.tsvet-italy.com"
25166,"www.elcab.su"
25168,"www.globaltransport.ru"
16882,"www.dekor-stil.ru"
6982,"www.avigea.ru"
14738,"www.spk39.ru"
16922,"www.motokurjer.ru"
16367,"www.uomz.ru"
12845,"www.new-wek.ru"
838,"полигрим39.рф"
17234,"www.d-smeh.ru"
17037,"www.hotelmoskva.info"
17040,"www.hotelchaika.ru"
15589,"www.ardeko39.ru"
17064,"www.slavhotels.ru"
17079,"www.kldtur.ru"
2023,"www.sibiros.ru"
14567,"www.wit-tech.ru"
17137,"www.gidrocomfort.ru"
17140,"www.zavod-sputnik.ru"
25920,"www.ardeko-stroy.ru"
23157,"www.nv39.ru"
25923,"www.zooserv.ru"
9468,"www.ariola-kaliningrad.ru"
4860,"www.sharytut.ru/"
17165,"www.westplast.ru"
14271,"www.shoko.ru"
9984,"www.defensio39.ru"
26024,"www.sharytut.ru"
10611,"www.amici-studio.ru"
17195,"www.prozrenie.ru"
18095,"39подарки.рф"
7769,"www.profitbalt.ru"
13099,"www.express-bank.ru"
856,"www.groupalfa.ru"
4865,"www.cgb39.ru"
17412,"www.osgrm.ru"
17485,"www.odin-na-odin.ru"
5172,"www.kaliningrad.fas.gov.ru"
8510,"www.maxick.ru"
9031,"www.698899.ru"
19807,"www.id-mebel.ru"
6594,"www.skate-kgd.com"
26044,"www.hobbymusic.ru"
4805,"www.albertina.kaliningrad.net"
9900,"www.heliopark.ru"
6739,"www.hoteldona.ru"
8919,"www.office-line.ru"
7259,"www.bbimed.ru"
13658,"www.lib39.ru"
14619,"www.bmc39.ru"
19118,"www.bookvingem.ru"
26045,"www.fire-master.pro"
26047,"www.roza39.ru"
2122,"www.parket-kaliningrad.com"
6861,"www.stroimwse.ru"
22058,"www.sota39.ru"
7308,"www.skif-stroi.com"
25645,"www.swissconsult.tiu.ru"
14967,"www.illen.eu"
12499,"www.tvoimir-travel.ru"
17022,"www.kaliningrad.chernil.net"
1744,"www.megart-mebel.ru"
8099,"www.bleskprofy.ru"
15060,"www.avtograd-kld.ru"
362,"www.nordvegr.ru"
15091,"www.tokio360.ru"
15061,"www.tradetele.com"
11579,"www.ambercombine.ru"
15188,"www.welcome39.ru"
15192,"www.primorye-hotel.ru"
10726,"www.mpgaz.narod.ru"
10379,"www.mvita-c.ru"
15224,"www.icenter-store.ru"
4431,"www.edvik.ru"
7124,"www.nashe.ru"
15303,"www.mp-tour.ru"
12143,"www.trbank.ru"
1279,"www.laverna39.ru"
10632,"www.geo-master.ru"
7734,"www.investstroy.com"
7456,"www.doctorbormental.ru"
7248,"www.gkvector.com"
15399,"www.orrfm.ru"
19362,"www.tui.ru"
1826,"www.profiadmin.ru"
19362,"www.vkoclub.ru"
3760,"www.konturterm.ru"
25727,"www.med-aprel.ru"
853,"www.lebedihin.ru"
1044,"www.dm-pechkin.ru"
25728,"www.podopedikur.ru"
15469,"www.kdplast.ru"
25728,"подопедикюр.рф"
8831,"www.ups.com"
25730,"www.39kovcheg.ru"
15804,"www.ciar.ru"
7708,"www.deflash.ru"
11319,"www.aspro-hs.ru"
15821,"www.cramo.ru"
679,"www.drnona.net"
25731,"www.myjapanshop.ru"
15832,"www.nextek.ru"
7564,"www.daichi.ru"
12618,"www.swatch.com"
15843,"www.tonusclub39.ru"
25731,"мояяпония.рф"
25732,"www.pltorg.ru"
8285,"www.balticmaster.ru"
9451,"www.kyznicadrozdova.com"
4049,"www.toplevel39.ru"
25521,"www.uforina.narod.ru"
4328,"www.yanmarine.ru"
15909,"www.buh39.ru"
11693,"www.kldsat.ru"
25735,"www.vilalta-es.ru"
12513,"www.sotvorenie-kaliningrad.ru"
8652,"www.socratcargo.ru"
25739,"www.perfettodental.com"
16592,"www.prusoil.com"
10972,"www.40-a.ru"
14549,"www.pkf-kld.ru"
1401,"www.yantar-info.ru"
12002,"www.tehnomir-online.com"
14696,"www.vashbyxgalter.narod.ru"
14762,"www.fts-trading.ru"
14726,"www.ooo-record.by.ru"
11126,"www.digidez.com"
10240,"www.credit-39.ru"
1018,"www.triumph-adler.ru"
3523,"www.termo-c.ru"
4330,"www.seames.ru"
2416,"www.biz-personal.ru"
3963,"www.podpiska39.ru"
9929,"www.puteec.com"
2576,"www.alseka39.ru"
8243,"www.stkb39.ru"
14898,"www.ecd39.ru"
8335,"www.ltd-tris.ru"
2814,"www.regionhoztorg.ru"
7727,"www.rn39.ru"
17135,"www.medcom-mp.ru"
17619,"www.vk.com/prp_kld"
15113,"www.europastudien-kaliningrad.de"
25082,"www.huppa.eu"
10490,"www.1c-bitrix.ru"
7485,"www.mebel-classic.ru"
23950,"www.mf-bagration.ru"
14550,"www.baltmetcompany.ru"
7284,"www.tarkom.ru"
7233,"www.tn.ru"
11447,"www.sh-hansebue.ru"
15346,"www.krz.ru"
10651,"www.prazdnik.sitecity.ru"
14586,"www.villa-elisa.ru"
6726,"www.gitex.ru"
15373,"www.tensor.ru"
15384,"www.globotrading.ru"
15400,"www.chanson.ru"
7999,"www.700700.ru"
15004,"www.evrokachestvo.ru"
25827,"медосмотр39.рф"
7212,"www.tenso-m.ru"
9288,"www.infoarena.ru"
15496,"www.atcavia.com"
15520,"www.zabor39.ru"
25829,"www.krown-kaliningrad.ru"
22906,"www.tehportal.ru"
15541,"www.miepvuz.ru"
3296,"www.perevod39.ru"
15552,"www.autoprokat39.ru"
15600,"www.9val-club.ru"
3137,"www.tr-klimat.ru"
1479,"www.stomik-kd.ru"
24909,"www.vizitki39.ru"
22968,"www.steico.com"
2315,"www.stalena.ru"
4553,"http://gs-reklama.ru/"
19494,"www.silvia-doors.ru"
15808,"www.donato.ru"
25856,"www.hotellumier.ru"
21329,"www.effect-glass.ru"
10785,"www.next-kld.ru"
25892,"www.hotellumier.ru"
2061,"www.sirowa.net"
15940,"www.vectorreg.ru"
25837,"www.baskinrobbins.ru"
12063,"www.pikom.su"
25894,"www.uneptuna-narod.ru"
25895,"www.fantomaster.ru"
15191,"www.balticresorts.ru"
4770,"www.newkiosk.ru"
1729,"www.lal-auto.com "
16227,"www.roseko39.ru"
4512,"www.zepter.ru"
4243,"www.drv.kaliningrad.ru"
14589,"www.333000.ru"
4445,"www.kbsa.narod.ru"
12719,"www.ps-kld.ru"
16259,"www.avtokompaniya.ru"
25862,"www.shevale.org"
16271,"www.miratorg.ru"
16299,"www.doxa-kaliningrad.ru"
17163,"www.computery39.ru"
7251,"www.b2bpromotion.ru"
12643,"www.oooavan.com"
22005,"www.enpromstroy.ru"
22006,"www.legion-info.ru"
14570,"www.rivegauche.ru"
8501,"www.snabtorg.org"
10437,"www.snabtorg.org"
16450,"www.prezent-kld.ru"
14605,"www.truck-shop.ru"
25898,"http://telpovdome39.ru/"
7245,"www.kldenergoservice.ru"
2135,"www.fenser.ru"
10880,"www.feldhaus.ru"
14808,"www.sat39.ru"
12903,"www.expertlanguage.ru"
3436,"www.domostroy39.ru"
4321,"www.anklav-reklama.ru"
936,"www.karveon.ru"
15441,"www.uhitechdp.ru"
429,"www.konigsgarten.ru"
18786,"www.profitstroy39.ru"
11182,"www.mildair.su"
15768,"www.mosoblbank.ru"
16166,"www.hertz.ru"
15931,"www.bars39.ru"
15933,"www.filtronik.ru"
4377,"www.pozh.net"
16307,"www.vikbur.ru"
16322,"www.soft39.ru"
1271,"www.skrepka-kld.ru"
25924,"www.kvartal39.ru"
8570,"www.ocenka39.ru"
15383,"www.poseidon39.ru"
26012,"www.sen-spa.ru"
26013,"www.lazmed39.ru"
7879,"www.keepertele.com"
3868,"www.modacentr.ru"
16477,"www.keepertele.com"
8478,"www.mirkrut.ru"
16491,"www.koiro.edu.ru"
16493,"www.hotel.baltinform.ru"
12645,"www.mprintex.ru"
22924,"www.matras39.ru"
16522,"www.besteco.ru"
16526,"www.clovergroup.ru"
23849,"www.savalie.ru"
16568,"www.baltkeramika.ru"
16571,"www.brandis.biz"
12747,"www.stahllux39.ru"
6312,"www.evrika39.ru"
4535,"www.balcogm.ru"
9589,"www.imagepartner.ru"
16654,"www.bit39.ru"
1659,"www.time-39.ru"
14252,"www.discovery-concept.com"
6895,"www.studiapozitiv.ru"
8781,"www.kfk39.ru"
15488,"www.kfzess.ru"
249,"www.mosinsur.ru"
15339,"www.dilizans-art.narod.ru"
1651,"www.class-clinic.com"
26042,"www.samsung.ru"
8322,"www.petrolplus.ru"
16504,"www.fiesta39.ru"
7328,"www.carmell.ru"
26043,"www.rstk.ru"
23431,"www.malysh39.ru"
16848,"www.603003.ru"
16851,"www.39pokupok.ru"
10602,"www.personal-yantar.ru"
16877,"www.grafznak.ru"
21287,"www.in-puls.biz"
8665,"www.vagonka.net"
11478,"www.tuta-bonus.ru"
16907,"www.icbe.ru"
2361,"www.ztk.gazinter.net"
13668,"www.megapolys.com"
21288,"www.megapolis-rielt.ru"
4722,"www.kvshu39.ru"
14453,"www.binbank.ru"
12255,"www.condor39.ru"
9166,"www.oikos39.ru"
21440,"www.sovetsk-tilsit.ru"
21457,"www.trcargo.org"
21463,"www.bravovent.ru"
1108,"www.talana.ru"
12577,"www.kliper.ru"
2946,"www.epkng.ru"
21476,"www.trcont.ru"
11876,"www.mylnyi-dvor.ru"
4240,"www.bovaris.ru"
11907,"www.tangodance.ru"
3896,"www.orion39.ru"
12909,"www.lebuffete.ru"
2493,"www.amaklygin.ru"
20940,"www.greenmebel-39.ru"
944,"www.studio-lights.ru"
14576,"www.klk-lift.ru"
1595,"www.eurodoor.org"
17596,"www.linguist-translations.webs.com"
4271,"www.bkvet39.ru"
8785,"www.fichering.com"
2105,"www.zap-aliance.ru"
2546,"www.office-planet.ru/v-k"
18327,"www.discovery39.com"
7334,"www.vgv-logistic.ru"
1832,"www.diz-ex39.ru"
12179,"www.winitshcenko.ru"
12180,"www.winitshcenko.ru"
5303,"www.cccb.ru"
9548,"www.cronwell.ru"
12251,"www.ncca-kaliningrad.ru"
4100,"балтик-медиа.рф"
8648,"www.krause.ru"
18848,"www.okna39.su"
17052,"смс39.рф"
10956,"www.blc39.ru"
12316,"www.panchemodan.ru"
21616,"www.villapark.ru"
12409,"www.olympic-online.ru"
12411,"www.epicentr.net"
12419,"www.forto-ranta.ru"
532,"www.thomasbk.ru"
24855,"www.detacenter-kld.ru"
21482,"www.mamonovo.gov39.ru"
24365,"www.fiak.biz"
3507,"www.proxima39.ru"
24857,"www.estate39.ru"
24858,"www.mailboxesetc.ru"
2411,"www.300003.ru"
2430,"www.elmemesser.ru"
2432,"www.shelen.ru"
2436,"www.spectehnika39.ru"
24859,"www.fbags.ru"
21624,"www.proxima39.ru"
259,"www.autotex-balt.ru"
262,"www.trest.cc"
24860,"www.g8market.ru"
18509,"www.goldenstone.org"
21505,"www.dl-photo.ru"
273,"www.wizard39.ru"
859,"www.sovatelecom.ru"
1285,"www.toyota-kgd.ru"
1299,"www.hansa-flex.com"
1302,"www.elitacompany.ru"
1303,"www.electric-service.ru"
4772,"www.NewKiosk.ru"
24863,"www.inyazstudio.ru"
1306,"www.manngrupp.ru"
12750,"www.lingva39.com"
10610,"www.eurocorpus.ru"
1883,"www.city-rent39.com"
21497,"www.baltmetcompany.ru"
24868,"www.levkovich-design.ru"
1927,"www.emspost.ru"
1975,"www.rybtehcentr.ru"
47,"www.atury.ru"
61,"www.vbank.ru"
3653,"www.akademy97.ru"
24871,"www.clubmoon.ru"
71,"сайт www.svoydom39.ru"
275,"www.tvoydom.kaliningrad.ru"
24873,"www.nebo8.com"
281,"www.r-una.ru"
288,"www.1sk.ru"
1118,"www.techtransplus.ru"
1128,"www.inok.ru"
1129,"www.sis.com.ru"
16558,"www.investbank.ru"
1149,"www.intelactiv.ru"
24875,"www.orange-business.com"
1178,"www.clinic-brazil.ru"
1185,"www.vodtechnol.ru"
1227,"www.alit39.ru"
1241,"www.profinst.ru"
1246,"www.jank-tour.ru"
1249,"www.uni-tour.ru"
1252,"www.kompastravel.ru"
1253,"www.o-kaliningrade.ru"
1257,"www.chaspik.ru"
1258,"www.swena.ru"
1259,"www.marisella.ucoz.ru"
1264,"www.baltiktur.ru"
1427,"www.deliainternational.com"
15771,"www.alfa-dent39.ru"
208,"www.dn39.ru"
15771,"www.alfa-dent.com"
1454,"www.turango.ru"
23323,"www.doctorskor.ru"
24970,"www.lnk39.narod.ru"
597,"www.alteza-v.ru"
17762,"www.fluidforce.ru"
24971,"www.infocru.ru"
1498,"www.intellekt-slk.ru"
1504,"www.biit.ru"
1813,"www.medexpress.ru"
2492,"www.ergorussia.ru"
24972,"www.deko-lit.ru"
24973,"www.39kv.ru"
2496,"www.superfilter.ru"
7330,"www.my-mebel39.ru"
15083,"www.baltagroservis.ru"
3683,"www.slavhotels.ru"
380,"www.onegapro.ru"
17984,"www.dvigatel39.ru"
388,"www.inavto.ru"
17716,"www.zoetler.ru"
24293,"www.carlopazolini.com"
11197,"www.reserved.com"
472,"www.rikoauto.ru"
488,"www.villa-balt.ru"
562,"www.daddytour.ru"
18836,"www.reserved.com"
24297,"www.utax39.ru"
842,"www.AS-auto.ru"
18996,"www.home-you.com"
2783,"www.renessans-hotel.ru"
24303,"www.rda.org.ru"
24553,"www.demilecbaltic39.com"
605,"www.kpd-print.ru"
5173,"www.kaliningrad-rda.org"
24974,"www.bravoclean.ru"
6471,"www.baconsult.ru"
1103,"www.takt-k.ru"
6770,"www.paragraph-lex.com"
24976,"www.avtoprokatkoenig.ru"
9096,"стражбалтики.рф"
24975,"www.green-auto39.ru"
24978,"спектрбезопасности.рф"
10376,"www.globus-telecom.com"
9660,"www.standartenergo.ru"
9963,"www.shitimech.ru"
7876,"www.animals39.ru"
12959,"www.kano-sushi.ru"
4572,"www.balticplus.ru"
11282,"www.bfgbank.ru"
13115,"www.t-element.ru"
25257,"www.abrasive.ru"
11734,"www.adgital.com"
11517,"www.niksa39.ru"
23325,"www.printess.ru"
7161,"www.taxiregata.ru"
24998,"www.dobrohod.com"
1312,"www.certrf.ru"
13931,"www.stroy.dekorum.info"
5893,"www.chayka-san.ru"
6097,"www.ruk.kalg.ru"
8094,"www.altrimo.ru"
12596,"www.sertex.org"
4688,"www.auto39.ru"
20487,"www.agfamily-kld.ru"
8130,"www.rauschenhotel.ru"
19628,"www.walde.ru"
4496,"www.copernit.net"
17036,"www.zapadsvyaz.ru"
15033,"www.sbuh.ru"
23456,"www.skatgroup.ru"
2590,"www.bk39.ru"
15857,"www.salon-bh.ru"
6708,"www.kaplidozhdja.ru"
17627,"www.alagon.ru"
25125,"www.srtoyresursservis.com"
7100,"www.idea-fix.com"
25137,"www.accidentlawyer.ru"
15272,"www.323-323.info"
17630,"www.otpbank.ru"
10456,"www.liftec.ru"
3924,"www.autozapadtrans.com"
11862,"www.mega39.ru"
7996,"www.kofcrewing.com"
1791,"www.mpso-sss.ru"
17735,"www.clemco-lt.ru"
6660,"www.gazprombank.ru"
7016,"www.baltsound.ru"
2951,"www.villa-lana.ru"
3336,"www.klisko.ru"
3522,"www.kof.ru"
20422,"www.streleckaya7.narod.ru"
17867,"www.kit39.ru"
17913,"www.itstat.ru"
22283,"www.mehanika.biz"
17816,"www.qsec.ru"
12650,"www.ogni-goroda.ru"
17941,"www.chatter-box.ru"
15947,"www.rfku.kalg.ru"
24412,"www.mirdverey45.ru"
17950,"www.sip-house.ru"
18210,"www.r39.center-inform.ru"
590,"www.zovnet.ru"
18044,"www.richplaza.ru"
7032,"www.slavinist.ru"
18926,"www.dvkube.ru"
18046,"www.sservice.net"
2404,"www.obnovlenie.ru"
18048,"www.prominstrah.ru"
2658,"www.the39.ru"
18062,"www.nskld.ru"
14691,"www.rossibbalt.su"
8158,"www.star-trade-kld.ru"
14872,"www.ronor-as.ru"
18069,"www.thermosystem.ru"
18070,"www.akm39.ru"
175,"www.tuning39.ru"
25314,"www.5stars-kaliningrad.ru"
24023,"www.sambia-group.ru"
8927,"www.skipperhotel.ru"
18079,"www.agrotechcentr.com"
7856,"www.erabalt.ru"
2248,"www.rimasltd.ru"
1101,"www.delta-stroyholding.ru"
3314,"www.rimko.org"
6721,"www.sun-stone.ru"
18113,"www.plitka39.com"
18114,"www.bcs.ru"
18116,"www.it-sb.ru"
2088,"www.rent-spk.com"
18130,"www.rent-spk.com"
12716,"www.ingos.ru"
12570,"www.aeroflot.ru"
18526,"www.heliospa.ru"
18150,"www.alpari.ru"
18151,"www.nomeda39.ru"
18153,"www.meta-ru.ru"
3150,"www.garantprav.com"
11270,"www.vapelsin.ru"
11558,"www.krstroy.ru"
18191,"www.oberteich.com"
14764,"www.tamada39.ru"
538,"www.kbp-travel.ru"
25347,"www.favorit-kenig.ru"
25349,"www.studio-sun.ru"
6099,"www.kofp39.ru"
17505,"www.voenlaw.ru"
2630,"www.space-car.ru"
17077,"www.diamond39.ru"
17864,"www.sudakov.tv"
17911,"www.rbpi.no"
14438,"www.klut.ru"
11991,"www.emelyanov-amber.ru"
17970,"www.mir-plitki.com"
15482,"www.takstroy-plus.ru"
17992,"www.dpd.ru"
12061,"www.1centr.net"
18042,"www.otto-car.ru"
10748,"www.welle-klass.ru"
10725,"www.dvercapul.ru"
3562,"www.green-management.ru"
4502,"www.i-labs.ru"
11691,"www.lorabrovko.ru"
3299,"www.sform.ru"
13453,"www.detalidesign.ru"
19849,"www.sdm39.ru"
11048,"www.notariat-kaliningrad.ru"
25370,"www.kdwaste.ru"
3953,"www.robotx.ru"
20133,"www.shopvoda.ru"
17916,"www.spaprofi39.ru"
25370,"универсальные-технологии.рф"
20164,"www.fartyshev.ru"
20166,"www.plasthouse.ru"
11566,"www.agrariy-39.ru"
20168,"www.plemcentr-kd.ru"
20171,"www.agrosvetl.com"
20228,"www.39regtv.ru"
20230,"www.gosti39.ru"
20247,"www.avatar-clubs.ru"
749,"www.sintezltd.ru"
10840,"www.sls39.com"
20497,"www.npfe.ru"
20507,"www.asdom.ru"
20556,"www.frioservis.ru"
20582,"www.ut39.ru"
20675,"www.doktorM.ru"
24311,"www.rgs.ru"
17974,"www.proftehnika-vm.com"
6175,"www.kenigauto.com"
22321,"www.logosproject.ru"
22329,"www.abajur39.ru"
711,"www.akb-centr.ru"
6153,"www.dezinfect.ru"
17682,"www.agbuhservice.ru"
1466,"www.pravoznai.ru"
17681,"www.bdialog.net"
15532,"www.dsbw.ru"
17891,"www.akva-ex.ru"
17907,"www.bum.bluair.ru"
2125,"www.kps39.ru"
18181,"www.rt.ru"
18183,"www.megarussd.com"
18210,"www.center-inform.ru"
15964,"www.kirpich39.ru"
25376,"www.evakuatorkld.ru"
12600,"www.averis.ru"
10512,"www.mbr.su"
18230,"www.baltgps.ru"
25377,"www.dengivdom39.ru"
18266,"www.neolant.ru"
18273,"www.gardentrade.ru"
18289,"www.student-agency.ru"
7723,"www.iec.ru"
7685,"www.astratour.org"
1985,"www.blik39.ru"
25379,"www.arenda-kenig.ru"
10346,"www.kotly39.ru"
911,"www.rielt-stroy.ru"
6149,"www.hk24.ru"
624,"www.kga.ru"
7164,"www.schneider-electric.ru"
25380,"www.holdingkenig.com"
18786,"www.sopro-kgs.ru"
603,"www.balticstyle.ru"
10643,"www.hydrosphere.ru"
4804,"www.bief.ru"
6088,"www.kep39.ucoz.ru"
15504,"www.avtograd39.ru"
18806,"www.tupperware.ru"
4918,"www.world-ocean.ru"
20054,"www.strahoffka.ru"
2976,"www.uvo39.ru"
8680,"www.kadelik.ru"
9764,"www.pfcompany.ru"
7729,"www.advokatvolkov.narod.ru"
18367,"www.buhorg.ru"
25381,"www.expert-electronics.info"
11407,"www.ep.baltnet.ru"
18368,"www.anitaspecbelye.narod.ru"
10142,"www.climat39.ru"
1205,"www.10chka.ru"
677,"www.pregel.ru"
18182,"www.galsis.ru"
6740,"www.dolcevita.kaliningrad.ru"
10915,"www.kn-stroy.ru"
25384,"www.det-obuv.pulscen.ru"
1654,"www.balttehhim.ru"
25386,"www.dopusk39.ru"
18625,"www.tdmechta.ru"
18628,"www.karavan39.ru"
14212,"www.savage.ru"
25388,"www.evakuator39.ru"
18634,"www.miuz.ru"
25389,"www.detalsgroup.ru"
18660,"www.ocs-group.net"
18664,"www.guideh.com"
25391,"www.bravoexpert.ru"
25393,"www.1c-cba.ru"
14784,"www.algol39.ru"
25395,"www.plast-pipe.ru"
14652,"www.leto-reise.ru"
6129,"www.kaliningrad.diplo.de"
3301,"www.pegast.ru"
10907,"www.nabatkurs.ru"
18483,"www.ltd-tris.ru"
19620,"www.ponarthotel.ru"
15954,"www.ksk-kaliningrad.ru"
1701,"www.vtb-sz.ru"
2147,"www.studio-darvin.ru"
7138,"www.sydoremmashavt.ru"
10639,"www.mapilab.com"
8275,"www.paragrad.ru"
18887,"www.soglasie.ru"
7994,"www.sbr-studio.ru"
1645,"www.ergodent39.ru"
11390,"www.bioshop.ru"
3714,"www.diapazon-ltd.ru"
10875,"www.bolt39.ru"
24882,"www.scan39.ru"
24883,"www.somboon39.ru"
12787,"www.estakadabalt.ru"
29135,"www.939939.ru"
1190,"www.linzi39.ru"
29869,"www.almal.su"
24887,"www.bean-bag39.ru"
18932,"www.aquatoriahotel.com"
19160,"www.773933.ru"
168,"www.togas.ru"
15624,"www.gc-kenig.ru"
26183,"www.balt-maximus.ru"
6187,"www.mir-motorov.ru"
8880,"www.ascar.su"
24891,"www.viabalt.com"
19304,"www.vizit.cc"
15440,"www.arteglass.ru"
4757,"www.mgutu-kld.ru"
3289,"www.interer-lux.ru"
24893,"www.videsam.ru"
9069,"www.rekstroi.ru"
24894,"www.westconsulting.ru"
20134,"www.evakuator.lyutov39.ru"
24901,"www.zolla.ru"
8494,"www.kbm-group.ru"
8595,"www.kruginfo.ru"
16424,"www.esso39.ru"
406,"www.ktik.info"
12880,"www.lindstrom.ru"
10993,"www.rusfinancebank.ru"
11099,"www.evakuator39reg.narod.ru"
24930,"www.alyeparusa39.ru"
8194,"www.malyar39.ru"
10707,"www.anuta.ru"
29958,"www.scon.su"
18526,"www.heliopark.ru"
9222,"www.baltrest.ru"
19430,"www.bankuralsib.ru"
4623,"www.paradise-decor.com"
8920,"www.restoran-atlantika.ru"
20948,"www.balt-shans.ru"
17276,"www.westrussia.org"
8508,"www.artgallery-klgd.ru"
19634,"www.povervsebya.ru"
14231,"www.kartingkaliningrad.ru"
11264,"www.kaliningradplaza.ru"
2409,"www.pubkaliningrad.ru"
463,"www.baltavtotrans.kalg.ru"
12835,"www.odnt.ru"
20124,"www.cleaning39.ru"
7778,"www.promoborudovanie.com"
15501,"www.buldozer39.ru"
1715,"www.ooo-geoid.ru"
324,"www.aquafeed.ru"
6491,"www.fbukcsm.ru"
7593,"www.splav.ru"
16932,"www.region-holod.com"
18321,"www.vorotagens.ru"
9168,"www.grandhall-kld.com"
1943,"www.grmb.ru"
18343,"www.lemariage39.ru"
16379,"www.385685.ru"
10322,"www.labirint.ru"
18354,"www.eurocranes.ru"
24938,"www.standartocenka.ru"
16421,"www.agentstvo-alika.narod.ru"
16645,"www.ferrettogroup.com"
18361,"www.stariy-kordon.com"
10867,"www.proxys-shop.ru"
24941,"www.moralikodeks.ru"
15078,"www.autoscan39.ru"
2508,"www.flag-group.ru"
647,"www.spg-kld.com"
8904,"www.modacentr.ru"
22342,"www.svib-terminal.ru"
9086,"www.baltrest.ru"
19647,"www.epatage.biz"
14869,"www.stroysist.ru"
723,"www.allinform.ru"
7042,"www.buro-kontinental.ru"
13020,"www.profi39.ru"
15270,"www.sirius-kd.ru"
2231,"www.kaliningrad.izbirkom.ru"
18111,"www.reporter-club.ru"
19707,"www.filter39.ru"
2026,"www.tdstroitel.ru"
9639,"www.limobalt.ru"
2944,"www.eurotexno.ru"
3443,"www.ekodom39.ru"
9009,"www.heineken.com"
11977,"www.abris39.ru"
25464,"www.kdstroy.com"
4156,"www.niche-parfum.ru"
1657,"www.kassiopeya.kalg.ru"
19788,"www.rocketboy.ru"
19791,"www.39saitov.ru"
19792,"www.lym-kln.ru"
19801,"www.tattoo-mir.ru"
25470,"www.amber-region.ru"
16996,"www.pride39.ru"
20119,"www.20-meridian.ru"
4436,"www.eliksir39.ru"
16717,"www.yarmarka-kaliningrad.ru"
7662,"www.balticss.com"
7007,"www.ads-garantia.ru"
7658,"www.pandorada.okis.ru"
12429,"www.swarovski.com"
13080,"www.megart-mebel.ru"
18243,"www.mebel-kaliningrada.ru"
22080,"www.lcm-rus.ru"
25505,"www.veurotour.ru"
15866,"www.copperstore.ru"
18857,"www.striptease-show.ru"
18799,"www.alfa-pac.ru"
25510,"www.exauto39.ru"
1764,"www.kaliningradbar.ru"
18385,"www.hanse-portal.ru"
23177,"www.lkprussia.ru"
14987,"www.esmiral.ru"
23081,"www.bauluks.ru"
19108,"www.deti39.ru"
19137,"www.ironbalt.com"
1010,"www.megafon.ru"
28744,"www.sayr.ru"
19235,"www.maximum39.ru"
16508,"www.dallas.ru"
10496,"www.ford-kld.ru"
19239,"www.peugeot-kld.ru"
16258,"www.continent-mebel.ru"
8587,"www.audi-kaliningrad.su"
10094,"www.law-support.ru"
10781,"www.petro-lab.ru"
14788,"www.qfasad.ru"
25538,"www.gerda39.ru"
13994,"www.vira-balt.kalg.ru"
585,"www.baltargus.ru"
14585,"www.hotel.navigator-group.ru"
16612,"www.toyota-forklifts39.ru"
8719,"www.cdm-design.ru"
25538,"www.forpost39.ru"
7196,"www.kgd-rdc.ru"
26359,"www.molotov-tattoo.ru"
28851,"www.gruz-39.ru"
8837,"www.tangoflowers.ru"
28852,"www.dhmebel.ru"
25541,"www.rostbank.ru"
7189,"www.alfabank.ru"
3442,"www.ksk-kaliningrad.ru"
19547,"www.kraska39.ucoz.ru"
3625,"www.baltloghouses.ru"
25615,"www.dk-stroy.com"
28853,"www.baratura.ru"
20034,"www.litpol.ru"
28854,"www.mobi-lion.ru"
4868,"www.kadry-kaliningrad.narod.ru"
16524,"www.bus-rus.com"
23844,"Сайт: www.universalpack.ru"
12566,"www.1000i1sumka.ru"
10510,"www.sfoto.ru"
7576,"www.39.ru"
745,"www.sys4tec.com"
10031,"www.varikoz.ru"
28958,"www.itaka.pl"
4563,"www.citadel39.ru"
17536,"www.transventa.ru"
8874,"www.esfir39.ru"
7940,"www.karest.ru"
5017,"www.vk39.ru"
25830,"www.avenue-agency.ru"
18228,"www.eurokofe.ru"
17592,"www.record-auto.ru"
3740,"www.zapadstroi.ru"
25618,"www.expertiza39.ru"
12681,"www.760500.ru"
889,"www.sinilga.ru"
26594,"www.mandarin39.ru"
17605,"www.avddolg.ru"
17610,"www.sk-bls.ru"
26633,"www.westpipe.ru"
17612,"www.sportlife.biz"
7961,"www.vsadnik.ru"
4345,"www.tp39.ru"
15640,"www.city-link.ru"
26634,"www.leuco.com"
6148,"www.norden39.ru"
17708,"www.cursormedia.info"
17709,"www.rekakld.ru"
17710,"www.generalippf.ru"
17711,"www.itan.pl"
8533,"www.anoexco.ru"
1581,"www.androv.ru"
25439,"www.allegrostyle.ru"
1585,"www.karofilm.ru"
14926,"www.concept-ltd.vdnh.ru"
7715,"www.kaliningradinfo.ru"
26638,"сервис-сайтов.рф"
14529,"www.bang-olufsen.com"
26641,"www.altair-stom.ru"
1238,"www.inturkgd.ru"
4437,"www.b-travel.ru"
4342,"www.vnuchek39.ru"
11694,"www.mirkrasoty39.ru"
4033,"www.sommera5.ru"
4637,"www.mira5.ru"
18554,"www.zoasis.ru"
7668,"www.forpost-group.ru"
290,"www.travel-kld.ru"
17782,"www.classic39.ru"
7881,"www.classic39.ru"
6805,"www.classic39.ru"
1835,"www.karlshamnsexpress.se"
25997,"www.bani.39.ru"
16827,"www.koleso39.com"
1584,"www.alsystems.ru"
11129,"www.profinstrument39.ru"
1076,"www.artbaget39.ru"
7656,"www.naok.ru"
17625,"www.petrpanov.ru"
2596,"www.samsung.ru"
11209,"www.peczatnik.narod.ru"
17828,"www.armasnab39.ru"
2936,"www.ka39.ru"
17832,"www.ladoshki39.ru"
17856,"www.antaplex.ru"
14787,"www.baltstirol39.ru"
4930,"www.fvmuseum.ru"
2339,"www.nitras.ru"
23496,"www.domoved39.ru"
2945,"www.east-wing-transport.ru"
174,"www.alliance-leasing.ru"
15435,"www.interlain-kd.ru"
11086,"www.rus-dan.ru"
11119,"www.dolgolet.ru"
10354,"www.beautykaliningrad.com"
18055,"www.at-logistik39.my1.ru"
18057,"www.vashgidtour.ru"
8631,"www.yurinat.ru"
11847,"www.domofon39.ru"
3566,"www.modul-zapad.ru"
16981,"www.su155.ru"
7691,"www.belavia.by"
27194,"www.balticresorts.ru"
18142,"www.btarm.ru"
18158,"www.rk-roskon.ru"
7401,"www.dabudetchistota.ru"
27195,"www.balt-kvartal.ru"
6747,"www.ambermuseum.ru"
27199,"www.rollgeo.ru"
1912,"www.laguna-flora.ru"
27256,"www.agranco-russia.com"
27257,"www.exburo39.ru"
27259,"www.mexanik.blizko.ru"
27260,"www.bcons39.ru"
27261,"www.medexmed.ru"
27264,"www.artimago.ru"
26008,"www.neposeda39.ru"
23169,"www.toptop-dekor.ru"
27269,"www.39turov.ru"
27270,"www.dommarket.org"
27271,"www.mary39.ru"
27272,"www.applause39.ru"
27274,"www.gr-com.ru"
27428,"www.detals.su"
27430,"www.designkomplekt.com"
27433,"www.lockster.ru"
27434,"www.kes-dental.ru"
27438,"www.babydream39.ru"
27438,"www.baby-shop39.ru"
27443,"www.дсс39.рф"
27587,"www.ekran39.ru"
27588,"www.laimalux.com"
27589,"www.kupivse39.ru"
12738,"www.osteopathya39.ru"
19241,"www.steklocentrkaliningrad.ru"
137,"www.philipp-kld.ru"
8553,"www.zapadavtosteklo.ru"
7676,"www.centrmto.com"
6777,"www.evakuator39.ru"
762,"www.vetpraktik.ru"
581,"www.podmirstore.ru"
24798,"www.veb-leasing.ru"
17743,"www.termit.su"
14973,"www.baltsilver.com"
3763,"www.remzhilstroy39.ru"
22964,"www.sidmebel.tiu.ru"
4060,"www.alfaplast-kld.ru"
22098,"www.studioa39.ru"
22119,"www.advokat39.com"
18115,"www.grossmebel-kld.ru"
20409,"www.raduga39.ru"
22488,"www.detaelis-kaliningrad.ru"
8867,"престиж-гарант39.рф"
15362,"www.bohemia-tour.ru"
20151,"www.arx-project.ru"
17694,"www.adlkaliningrad.ru"
9769,"www.mega-mramor.ru"
20122,"www.cto39.ru"
11005,"www.gk-inlait.ru"
7755,"www.tent017.ru"
9458,"www.evrovod.ru"
11899,"www.skbbank.ru"
13581,"www.premier-consulting.ru"
7872,"www.litana-group.com"
10848,"www.euroagrotech.ru"
9922,"www.baltzoloto.ru"
11013,"www.bavaria39.ru"
25354,"www.gm-kld.com"
21501,"www.vitomarket.ru"
22737,"www.nika-sport.ru"
22738,"www.siam39.ru"
11906,"www.zf39.ru"
22836,"www.konditsionery1.tiu.ru"
22837,"www.ruffospa.ru"
22840,"www.avto-melochi.ru"
22841,"www.raincat.ru"
22395,"www.nikor39.ru"
22897,"www.stekfas.ru"
22899,"www.vik-39.ru"
1016,"www.red39.ru"
25968,"www.uhp.su"
25970,"www.ka39.ru"
21985,"www.oland.ucoz.ru"
15979,"www.lukoil-kmn.com"
20053,"www.balttransavto.3dn.ru"
545,"www.valeryfurs.ru"
18636,"www.hotel-prussia.com"
26230,"www.dama-k.ru"
23024,"www.vitesse.ru"
10285,"www.lana39.ru"
1572,"www.rostcentre.ru"
16526,"www.clovercitycenter.ru"
24523,"www.hsac.ru"
23105,"www.v-a-m-p.ru"
23110,"www.akcentmebel.ru"
28725,"www.europeplus2000.ru"
23120,"www.subway.ru"
23123,"www.gallery-kld.ru"
16890,"www.letoile.ru"
23136,"www.mc39.ru"
23137,"www.visit-kaliningrad.ru"
17787,"www.salita-m.ru"
3689,"www.miele.ru"
21501,"www.thermoexpress.ru"
2161,"www.star-avia.ru"
23153,"www.resanta.ru"
9962,"www.zurich.ru"
23209,"www.pribambas-display.ru"
29874,"www.star-avia.ru"
22226,"www.remarka.info"
15619,"www.posuda-france.ru"
18064,"www.dip-consulting.ru"
18591,"www.separkd.ru"
12296,"www.ustavsudklgd.ru"
23221,"www.rakurs39.ru"
14600,"www.o1.ru"
23222,"www.bftvoridobro.ru"
23223,"www.inter-promsert.ru"
23226,"www.rasvoboda.ru"
23228,"www.pravcom.ru"
23230,"www.svoystyle.org"
23237,"www.1cbs.drv.kaliningrad.ru"
1997,"www.brand039.ru"
6617,"www.villa-spa.com"
8457,"www.schoolzelen.narod.ru"
8458,"www.schoolroman.narod.ru"
8459,"www.pereslavskaya.ucoz.ru"
23802,"www.school.baltinform.ru/p.school.php?id-136"
8710,"www.flexprintkld.ru"
23818,"www.school2zel.ru"
23822,"www.skazka-detsad.narod.ru"
19271,"www.amorehotel.ru"
22124,"www.teatrkrug.ru"
22126,"www.md39.ru"
29594,"www.kldpark.ru"
22127,"www.tvvs.ru"
22131,"www.territoriya-vkusa.ru/"
22208,"www.averis.ru"
11458,"www.averis.ru"
14653,"www.epoha.ru"
1660,"www.prodgorod39.ru"
29720,"www.cinnabonrussia.com"
5154,"www.maharishi-tm.ru"
19173,"www.newsystem.ru"
7480,"www.wiloterm.ru"
7484,"www.vivatrans.ru"
15980,"www.ts39.ru"
3877,"www.tis-dialog.ru"
6732,"www.satnet39.ru"
12665,"www.redcross.ru"
18492,"www.kurage39.ru"
862,"www.konta-style.ru"
2224,"www.antserv.ru"
3662,"www.salon-kub.ru"
1971,"www.karmannik.com"
20797,"www.vetosh.ru"
23775,"www.rosreestr.ru"
17086,"www.kosmetolog39.ru"
29613,"www.yuniton.ru"
15511,"www.777004.ru"
22328,"www.anvelatour.ru"
29688,"www.globalmedical.ru"
29719,"www.rk-rk.ru"
22337,"www.baltic-mebel.ru"
3579,"www.gildiya39.ru"
4698,"www.art-s-dekor.ru"
1104,"www.diemcenter.ru"
22354,"www.kalinka.su"
29617,"www.клиника-он-и-она.рф"
22357,"www.raskras39.ru"
10565,"www.vektor-les.ru"
6741,"www.baltokno.com"
1345,"www.house39.ru"
14237,"www.gloria-jeans.ru"
14241,"www.montonfashion.com"
14245,"www.stefanel.it"
14244,"www.mexx.com"
22407,"www.euroset.ru"
14218,"www.evonafashion.ru"
22408,"www.sv-store.com"
6195,"www.rybovedov.ru"
22469,"www.ya-zdorova39.ru"
19856,"www.taximaxim.ru"
22473,"www.mega-f.ru"
22477,"www.yachtclubklgd.ru"
3717,"www.simplex39.ru"
7804,"www.holzmaster.ru"
22507,"www.fulogy.ru"
1265,"www.filandtravel.ru"
15324,"www.matiskom.okis.ru"
21640,"www.rusamagency.ru"
11091,"www.domphoto.ru"
22665,"www.atlant39.ru"
12844,"www.evrocity.org"
3802,"www.mango.com"
3912,"www.nocturne.ru"
22825,"www.matrix-kaliningrad.ru"
14016,"www.oao-kvartz.ru"
16529,"www.esfir39.ru"
17598,"www.solnze-miami.ru"
20212,"www.buchservis-tm.com"
21892,"www.krasnoeznamya.ucoz.ru"
22830,"www.1001pinetka.ru"
5938,"www.KRASNOZNAMENSK.gov39.ru"
21862,"www.krasnoznamensk39.ru"
22949,"www.jiu-jitsu.kaig.ru"
22949,"www.bik1972.narod2.ru"
20344,"www.kuts39.ru"
22951,"www.fiestadance.ru"
19324,"www.za-far.ru"
23002,"www.life39.ru"
23216,"кондиционер39.рф"
21145,"www.mebelgradplus.ru"
15462,"www.cbr.ru"
10292,"www.novikontas.eu"
23345,"www.consult-info.ru"
23361,"www.coral.ru"
8630,"www.cepruss.ru"
23406,"www.baukeramik.ru"
23449,"www.arsmedica39.ru"
23463,"www.lab39.ru"
23464,"www.finans39.webnode.com"
1250,"www.mgp.ru"
23480,"www.oranta-sk.ru"
22066,"www.pronia69.com"
10193,"www.tikkurila.ru"
21558,"www.tristar39.ru"
7270,"www.de-group.ru"
22164,"www.yulianna.ru"
3623,"www.mssgroup39.ru"
4860,"шарытут.рф"
14283,"www.stradivarius.es"
25058,"www.aura39.ru"
22597,"www.rus-pitmark.narod.ru"
19710,"www.dom-decor.com"
23500,"www.vokrugzdorovia.ru"
25091,"www.coral-club.com"
3891,"www.vagon.org"
20264,"www.ocenka.ds39.ru"
23725,"www.nig.ru"
542,"www.amulet39.ru"
23771,"www.lider-nedvigimost.ru"
5976,"www.rs-head.spb.ru"
24174,"www.mereneid.ee"
24177,"www.avtoshtuchki.ru"
8155,"www.aquatherm-koenigsberg.ru"
24357,"www.sobinbank.ru"
23229,"другиеместа.рф"
23229,"www.drm39.ru"
23504,"www.dobroplast39.ru"
1051,"www.farmed39.ru"
20393,"www.r-logistic.ru"
24366,"www.truck-shop.ru"
22484,"www.oknacity39.ru"
16884,"www.foksis.ru"
18688,"www.kvant-it.ru"
24517,"www.rks39.ru"
12288,"www.autoeko39.ru"
24625,"www.podiumstudio.com"
24687,"www.trinity-mitsubishi.ru"
19546,"www.sovbank.ru"
14443,"www.reima.fi"
19163,"www.pmk-3.ru"
24804,"www.prestige-mebel.com"
24820,"www.video39.ru"
23041,"www.orange-N.ru"
24818,"www.beton-dekor.ru"
23082,"www.ekoblock.su"
50,"www.ajltrans.ru"
4392,"www.suhof.ru"
24927,"www.akvarius.pulscen.ru"
25441,"www.centrsna.ru"
24929,"www.alex-auto.org"
1029,"www.vivagsgroup.ru"
18304,"www.dsk21-vek.ru"
8015,"www.pillau.ru"
3133,"www.zoopet.ru"
24980,"www.kdclean.ru"
24799,"www.sfera-uslug39.ru"
6318,"www.k-print.ru"
25436,"www.apriori-kd.ru"
25030,"www.african-express.ru"
25519,"www.itdozor39.ru"
1202,"www.sparegion.ru"
1202,"www.coral.ru"
25033,"www.hoteldream.ru"
15661,"www.svetlogorsk-tourism.ru"
15320,"www.amberking.ru"
25038,"www.kaleidoscope39.ru"
2078,"www.ambercraft.ru"
25523,"www.suzuki39.com"
25039,"www.hoteldub.ru"
25095,"www.help39.ru"
4628,"www.phpl10.ucoz.ru"
25108,"www.kad-kld.ru"
25122,"www.mobila39.ru"
25135,"www.stilniedetki.my1.ru"
25262,"www.stroinoff.com"
25262,"www.стройнофф.рф"
1414,"www.pinusdoors.ru"
25266,"www.arsenal-sib.ru"
11077,"www.alpea.ru"
25437,"www.stroytrest.spb.ru"
25442,"www.nikkon-i-k.ru"
18117,"www.moon-group.ru"
3445,"www.moon-group.ru"
25466,"www.it-sb.ru"
8815,"www.remix-kamin.ru"
9691,"www.kursy39.ru"
22130,"www.implastika.ru"
22145,"www.kenigstroy.com"
8985,"www.srokaliningrad.ru"
22148,"www.pms39.ru"
22150,"www.npmos.ru"
22157,"www.b-f-m.ru"
22158,"www.d-ceramics.ru"
11124,"www.bestslux.ru"
11112,"www.blagosostoyanie.ru"
7326,"www.tidisi.com"
9896,"www.bani39.ru"
7392,"www.baltoutsource.ru"
4880,"www.ivesep-39.ru"
8509,"www.maxick.ru"
8758,"www.office-line.ru"
8924,"www.onix-tour.ru"
10471,"www.chestershoes.ru"
8870,"www.audit39bfe.ru"
22260,"www.unit-lab.ru"
15592,"www.advokat-39.ru"
22307,"www.fc-kld.narod.ru"
18311,"www.mi39.ru"
21508,"www.novoe-videnie.ru"
22323,"www.rgb-plus.ru"
22362,"www.yogaunity.ru"
22365,"www.finnflare.ru"
20885,"www.sportmaster.ru"
15252,"www.so-ups.ru"
22409,"www.gerda.pl"
14556,"www.tciRussia.ru"
22410,"www.uwcbroker.ru"
16993,"www.vianor.ru"
3546,"www.elleci.com"
7451,"www.nika-kld.ru"
8889,"www.dis-cont.ru"
22444,"www.alisagold.ru"
19427,"www.auto.kalg.ru"
16866,"www.pro-creative.ru"
22451,"www.balticpolymer.ru"
23532,"www.domexpert.pro"
23544,"www.topol-eco.net"
15943,"www.ambercity.ru"
10385,"www.inekovir.ru"
7415,"www.alex-auto.org"
15833,"www.grlogistic.ru"
18724,"www.mebel-original.ru"
18748,"www.39prokat.ru"
17045,"www.slon-group.ru"
19230,"www.eurobus39.ru"
188,"www.patriot-ohrana.ru"
15880,"www.avto-rental39.ru"
16829,"www.volkovdecor.com"
22879,"www.treteyskiysud.com"
22879,"третейскийсуд39.рф"
21289,"www.mcdonalds.ru"
22887,"www.ksk-kaliningrad.ru"
22893,"www.stana.ru"
22911,"www.tm-strekoza.ru"
22912,"www.oao-oez.ru"
15433,"www.salonkarina.ucoz.ru"
23014,"www.beremushki.com"
23080,"www.almal.su"
23285,"www.korolevets.ru"
23308,"www.a-system.biz"
23290,"www.minori.ru"
7766,"www.fsproduct.com"
23310,"www.rn39.ru"
9903,"www.pirat39.ru"
1471,"www.domdverey.com"
4514,"www.kot39.ru"
395,"www.sks-media.ru"
23545,"www.my-ecoquest.com"
411,"www.enterprise-tech.ru"
23240,"www.instabroker.ru"
15250,"www.i-l.ru"
15256,"www.opora.ru"
23553,"www.ria-rif.ru"
7647,"www.liderkafe.ru"
16606,"www.omega-39.ru"
22076,"www.fapstudio.ru"
22077,"www.rostan39.ru"
19179,"www.39cosmetic.ru"
22083,"www.vikram.ru"
22084,"www.778238.ru"
22085,"www.goldmetal39.ru"
22087,"www.pulsar39.ru"
1914,"www.upiter-tech.ru"
19223,"www.tehnostil.com"
22547,"www.sent-ltd.kalg.ru"
22548,"www.1-pb.ru"
20085,"www.avtolak.com"
17895,"www.avtolak.com"
22551,"www.baucenter.ru"
22555,"www.2-berega.ru"
22557,"www.unicontainer.org"
16705,"www.gkvsk.ru"
18909,"www.kliper-invest.ru"
22571,"www.crocs.ru"
11552,"www.komplekt.gazprom.ru"
16669,"www.kmc39.ru"
1164,"www.licotelo.ru"
17924,"www.fasthelp39.ru"
3660,"www.japanauto.ru"
18027,"www.lushev.ru"
698,"www.energotransbank.com"
698,"www.etbank.ru"
10671,"www.westshipping.com"
16886,"www.laguna-west.ru"
23657,"www.vhclav-kaliningrad.ru"
25195,"www.meridiandlux.ru"
23689,"www.refsistema.ru"
15835,"www.floor39.ru"
4396,"www.avantage39.ru"
13011,"www.madoo6.narod.ru"
23826,"www.mdurom.narod.ru"
23830,"www.ribkazolotaya.ru"
23831,"www.kids.koledge.ru"
23832,"www.detki-kovrovo.narod.ru"
18095,"www.39podarki.ru"
21198,"www.med-expert.ru"
23289,"www.1001tur.ru"
23323,"www.603003.ru"
17845,"www.BRANWEN.RU"
1716,"www.aluros.ru"
25021,"www.pps.vester.ru "
25022,"www.promo39.ru"
18090,"www.serviceuyut.ru"
3796,"www.prezentaint.ru"
25187,"www.master39.com"
25194,"www.kmgroup.ru"
8858,"www.oasiswellness.ru"
25199,"www.baltinstall.ru"
25203,"www.pregol-lada.lada.ru"
23851,"www.39line.ru"
11352,"www.fm555.ru"
25303,"www.domstroy39.com"
10115,"www.radio-torg.com"
113,"www.megapak39.ru"
23372,"www.sti-group.org"
2385,"www.business-expert.net"
14774,"www.tolkomig.ru"
23462,"www.k-line39.ru"
7526,"www.skylink.ru"
7549,"www.baltaudit.kalg.ru"
766,"www.barg-kd.ru"
9932,"www.absolut39.ru"
9933,"www.absolut39.ru"
687,"www.motos-auto.ru"
25362,"www.limousinsteakhouse.ru"
15608,"www.camaieu.com"
25493,"www.esf-group.com"
25492,"www.roscap.com"
25492,"www.roscap.ru"
23021,"www.rgsbank.ru"
11161,"www.ladov39.ru"
17847,"www.rgst.ru"
23419,"www.yunost39.ru"
8619,"www.btg.su"
20159,"www.vabco.ru"
25282,"www.raznopolye.tv"
9665,"www.ova.ru"
3906,"www.westshipping.com"
15772,"www.riva39.ru"
2283,"www.retro-klen.ru"
8085,"турбаза-дюны39.рф"
12681,"www.yamburg.com"
16340,"www.herculesbier.ru"
18088,"www.credit-servis.com"
544,"www.amberartkgd.ru"
12902,"www.parfum39.ru"
17601,"www.asmap.ru"
9713,"www.cityfitnesskld.ru"
20212,"www.buchservis-tm.narod.ru"
14773,"www.sttg.ru"
18456,"www.ualsvet.ru"
27462,"www.parkhotel-philipp.com"
2447,"www.baltrosnab.ru"
14739,"www.netcomp.ru"
17655,"www.okna39.com"
2470,"www.falke.ru"
25992,"www.ermitaz.39.ru"
349,"www.4woman39.ru"
9996,"www.sabai-di.ru"
28200,"www.grand-sokolniki.ru"
28386,"www.kaliningrad.kudrjashka.ru"
14730,"www.alvora.lt"
11572,"www.kssrosto.clan.su"
14187,"www.indigo39.ru"
10004,"www.kosko.ru"
28387,"www.malinovskaya.com"
22065,"www.adm.3dn.ru"
28388,"www.hairrich.ru"
22068,"www.Intusdesign.ru"
28406,"www.reuttogrande.ru"
22070,"www.kholod.kalg.ru"
22071,"www.coldsystem.su"
22073,"www.scout39.ru"
27939,"www.trucks39.com"
8317,"www.mediakit.ru"
22086,"www.elegance39.ru"
22089,"www.spargo.ru"
22090,"www.cleantis.ru"
22310,"www.bambino39.ru"
22094,"www.proinvest39.ru"
22095,"www.uchebnik39.ru"
19246,"www.virsaviya.com"
22184,"www.gk-promtech.ru"
17993,"www.alt39.ru"
22180,"www.nokld.ru"
22182,"www.cooktravel.poisktura.info"
22183,"www.ambertour.ru"
17627,"www.kancshop39.ru"
9435,"www.mail.willa-tatyana.com"
16260,"www.avtokompaniya.ru"
8095,"www.traktir-morskoe.ru"
10542,"www.atlas-kaliningrad.com"
16652,"www.balt-spb-klg.ru"
22232,"www.prussia-mebel.ru"
18579,"www.dvigatel39.ru"
28637,"www.hotelbaltia.ru"
16330,"www.baltic-glass.ru"
3312,"www.akvasistema.ru"
9961,"www.rimko.org"
792,"www.albatros-straj.ru"
22251,"www.ognik.ru"
22252,"www.cdek.ru"
22253,"www.katiko.ru"
22263,"www.eshop39.ru"
28638,"www.hotel-becker.ru"
22256,"www.moygorod39.ru"
22262,"www.armada39.ru"
22264,"www.kub39.ru"
22265,"www.debtrecovery.ru"
22266,"www.imidglab39.ru"
10444,"www.a-kovalsky.ru"
22271,"www.interiomart.ru"
16616,"солнышко-калининград.рф"
18140,"www.sro39.ru"
8030,"www.georgenburg.ru"
600,"www.ave-studio.my1.ru"
19793,"www.asplogistic.ru"
17846,"WWW.STROY.BRANWEN.RU"
1429,"www.mebelholl.com"
22372,"www.styx-naturcosmetic.ru"
14279,"www.bershka.com"
11686,"www.redkube.ru"
15493,"www.tomfarr.ru"
14264,"www.t-sushi.ru"
22382,"www.geo-burun.ru"
3704,"www.rugelato.ru"
9704,"www.melioracija.ru"
22383,"www.baltsofit.ru"
22388,"www.eurofur.ru"
1473,"www.interpravo39.ru"
22393,"www.myu-salon.ru"
22394,"www.zerkalokld.ru"
14210,"www.bodique.com"
6461,"www.lasenza.co.uk"
14207,"www.oysho.com"
22137,"БЕЗОПАСНОСТЬ-ПЛЮС.РФ"
22401,"www.bs-shipmanagement.com"
8872,"www.rencredit.ru"
1774,"www.roskard.ru"
12941,"www.minimaks.ru"
19949,"www.westtorg.ru"
27061,"www.vector-ohrana.ru"
12593,"www.akvamed.com"
11720,"www.westdom.ru"
20867,"www.bubnovsky.ru"
22489,"www.aeroc-kld.ru"
10669,"www.luxauto39.ru"
303,"www.pautocompany.ru"
2756,"www.baltstroy.ru"
27086,"www.elfarus.ru"
22497,"www.inte-s.ru"
22498,"www.dom39kd.ru"
6743,"www.kaskad.tv"
19213,"www.instalaciya.ru"
18300,"www.ams39.ru"
18300,"www.1c-ams.ru"
16542,"www.mechel.ru"
16976,"www.tekstilpro.ru"
27090,"www.Foliya.ru"
19138,"www.cleanair39.ru"
22529,"www.пилот39.рф"
19203,"www.forvard39.ru"
1281,"www.legus39.ru"
27098,"www.ineedcom.ru"
22532,"www.kc.vester.ru"
27099,"www.itspecial.net"
756,"www.shiptrade.ru"
9972,"www.zapravka39.ru"
3635,"www.baltkran.ru"
3625,"www.Doma-Bani39.ru"
27164,"www.aromamila.ru"
27164,"http://vk.com/club29196183"
22544,"www.kovan39.ru"
12014,"www.termogidcompany.ru"
15369,"www.radiodetali.baltnet.ru"
18121,"www.systtech.ru"
2861,"www.center-iris.ru"
27170,"www.akc2s.ru"
2279,"www.e-l-i-t.ru"
8969,"www.hotelparaiso.ru"
8970,"www.aimad.ru"
7748,"www.39bis.ru"
14997,"www.micro-bikini.ru"
1722,"www.sko39.ru"
22668,"www.eoi.ru"
22669,"www.npssko.ru"
27457,"www.narcostop.org"
27482,"www.rwtk.ru"
27497,"www.zarya39.ru"
27498,"салон-зебра.рф"
20273,"www.torfo.ru"
22695,"www.mazda39.ru"
22698,"www.1gorodskoi.ru"
14563,"www.pushkin-holl.ru"
22029,"www.reso.ru"
22723,"www.advokatsintsev.com"
18371,"www.may39.ru"
27505,"www.igma39.ru"
27576,"www.koelner-trading.ru"
159,"www.ooo-lux.ru"
27581,"www.ooo-krovlya.ru"
7486,"www.argo-kaliningrad.ru"
16745,"www.zoloto585.ru"
22856,"www.captain-nemo.ru"
14310,"www.incanto.ru"
22863,"www.partner-baltika.ru"
22864,"www.orgos.ru"
22870,"www.brskv.ru"
22873,"www.supersvadba.com"
12396,"www.slavyane-kgd.ru"
22454,"www.tehnolat.ru"
22917,"www.balt-maximus.ru"
8952,"www.starpack.su"
8854,"www.blum.ru"
22989,"www.compyter.ru"
3590,"www.stm39.ru"
23007,"www.ebs39.ru"
27696,"www.параддверей.рф"
23009,"www.expressgrupp.ru"
4232,"www.ar-trans.biz"
22093,"www.skyros.ru"
22093,"www.skyros39.ru"
2799,"www.ntis.ru"
4355,"www.cosmetic39.ru"
7586,"www.algoritm-klg.ru"
23165,"www.contact-madia.ru"
23213,"www.art-kaliningrad.com"
14697,"кухня39.рф"
2373,"www.kenigauto.com"
5460,"www.kenigauto.com"
15361,"www.oazis.kalg.ru"
24078,"www.aquafin.ru"
8335,"www.трис-декор.рф"
18483,"www.трис-декор.рф"
22177,"www.ltd-tris.ru"
22177,"www.трис-декор.рф"
1797,"www.dara-agency.ru"
1886,"www.express-v.ru"
20036,"www.tochka39.ru"
22242,"www.baltregionplus.ru"
10065,"www.feib.ru"
10966,"www.iskusstvo-rukodelie.ru"
28227,"www.orto39.ru"
22273,"www.kaliningrad.unibix.ru"
22274,"www.ldc.ru"
28241,"www.dizainirina.ru"
8071,"www.kaiserhof-hotel.ru"
22281,"www.chip39.ru"
22284,"www.dariev.ru"
22285,"www.zelen-gorod.ru"
22414,"www.openbank.ru"
8073,"www.ohota39.ru"
28639,"www.hotel-kochar.com"
10332,"www.alfacapital.ru"
28640,"www.polyana39.ru"
18792,"www.sogaz-med.ru"
22429,"www.balt-transkom.ru"
28641,"www.old-melnica.ru"
22435,"www.jurservis39.ru"
22439,"www.sms-stroy.ru"
28642,"www.schloss-hotel.ru"
1485,"www.oxrana39.ru"
22598,"www.british-kingdom.ru"
22600,"www.kroshkaRU.ru"
22601,"www.tetradok.net"
22603,"www.madagascarshow.ru"
22604,"www.torgoon.ru"
22606,"www.zoo-com.com"
28643,"www.hotel-agata.ru"
15194,"www.baltikbriz.narod.ru"
22605,"дверь39.рф"
3592,"www.baltsofit.ru"
9061,"www.nikorproject.com"
22834,"www.invitro.ru"
22937,"www.cosmette.ru"
7825,"www.bms-konig.ru"
28647,"www.hotelragnit.wmsite.ru"
17700,"www.hk-contact.com"
8076,"www.slavhotels.ru"
8759,"www.snob-ocenka.ru"
28649,"www.cruise39.ru"
8055,"www.balticresorts.ru/lebedinoe"
23069,"www.ad39.ru"
19368,"www.dreamh.ru"
18746,"www.eco-pol.com"
25889,"www.turbaza39.ru"
23181,"www.blesk39.ru"
23186,"www.belayavorona.org"
23187,"www.kaliningradstroyinvest.ru"
23194,"www.etaloncentr.com"
23196,"www.pravoguru.com"
23198,"www.kdmarket.ru"
4644,"www.zarya.eu"
23205,"www.club-universal.ru"
1324,"www.prussia-kld.ru"
11059,"www.bosch39.ru"
23331,"www.profi39.ru"
23334,"www.steklo39.ru"
23336,"www.perchina.ru"
23346,"www.zapad.ru"
23347,"www.gedeon39.ru"
28151,"www.hotel-natalia.ru"
1139,"www.nominal.su"
7641,"www.muh.ru"
25866,"www.complex-rus.com"
21822,"www.sportivnaya-hotel.ru"
8039,"www.usadbazaeca.ru"
8172,"www.stkbalt.ru"
14421,"www.autostekla.ru"
8498,"www.balt-agp.ru"
11060,"www.lts.spb.ru"
7250,"www.kgpa.ru"
23566,"www.ladov39.ru"
5157,"www.zhaso.ru"
23567,"сувенирный-маркетинг.рф"
23164,"www.flagman-partner.ru"
7901,"www.c-svyaz.com"
1187,"www.extremek2.ru"
1668,"www.ultra-ultra.ru"
13092,"www.prbb.ru"
10279,"www.rst39.ru"
23965,"www.779002.ru"
23966,"www.amonolit.ru"
17052,"www.sms39.com"
11152,"www.autolack39.ru"
23997,"www.plastikat.ru"
2822,"www.platar.info"
24116,"www.nesselbeck.ru"
26438,"www.navigatorgrp.ru"
26444,"www.baltfinn.ru"
26447,"www.artskazka.ukoz.ru"
26648,"www.tv-zh.ru"
26649,"www.stalfond.ru"
26652,"www.avtoremont39.ru"
26653,"www.atex39.ru"
25585,"www.abrikos-art.ru"
7038,"www.novotour.org"
26655,"www.companion-group.ru"
18479,"www.energcomm.ru"
25401,"www.ooobtsk.ru"
18915,"www.srobsk.ru"
14556,"www.tciBelgium.be"
26658,"www.teletrade.ru"
26658,"www.teletrade-kaliningrad.ru"
26659,"www.pravovayrus.ru "
27549,"www.метр-2.рф"
22474,"строимвместе.рф"
22404,"www.cherkizovo-group.com"
23485,"www.5element.biz"
26661,"www.soffito.net"
26662,"www.UKCM.ru"
26663,"www.777709.ru"
23004,"www.agentstvo-alina.ru"
8251,"www.Sana-dent39.ru"
23168,"www.fest.olsztyn.pl"
2067,"www.franckprovost39.ru"
1244,"www.bvkaliningrad.ru"
17838,"www.hbkaliningrad.ru"
25985,"http://vk.com/tfisher"
23141,"www.sonic39.ru"
26673,"www.sonic39.ru"
12804,"www.viapromo.ru"
23040,"www.evroplast.cns.ru"
7548,"www.avon-kaliningrad.ru"
26684,"www.omc.ru"
2530,"www.licard.ru"
26685,"калининград-риэлт.рф"
26686,"www.memo39.ru"
17697,"www.okolica39.ru"
26695,"www.btkaliningrad.ru"
6653,"www.915111.ru"
16844,"www.koenigbee.com"
26764,"www.tleader39.ru"
26764,"www.sbm-group.de"
26768,"www.novostroy39.ru"
26769,"www.postmost.ru"
25515,"www.art-flex.net"
26791,"www.medprofi39.ru"
26792,"www.apriorihotel.ru"
19852,"www.casadei39.ru"
26793,"www.print-39.ru"
16343,"www.florencia.su"
10661,"www.lukoil-garant.ru"
4100,"www.baltic-media.ru"
18742,"www.klyaksa39.ru"
6352,"www.fire-audit39.ru"
26959,"www.390-456.ru"
27527,"www.kenig-plast.ru"
23033,"www.archicharm.ru"
27700,"www.pelikan-kaliningrad.ru"
27701,"www.peri.ru"
27702,"www.pilvisto.ru"
28061,"www.balticpro.ru"
28063,"www.kttech.ru"
28153,"www.dedal-mebel.ru"
28231,"www.tentorium.ru"
28232,"www.kdrealty.ru"
26956,"www.azbuka-chistoti.a5.ru"
22000,"www.kaliningrad.tele2.ru"
28234,"www.39kvartal.ru"
5985,"www.39.rospotrebnadzor.ru"
28233,"http://tex39.ru/"
28013,"www.skmpk.ru"
28441,"www.tds-group.ru"
7942,"www.752222.ru"
16793,"www.tds-group.ru"
3627,"www.grant-service.ru"
15461,"www.kolodec39.ru"
16735,"www.navigatorgrp.ru"
18101,"www.tiptop-salon.ru"
25385,"www.avocado-media.ru"
25829,"www.krown39.ru"
3711,"www.bioks39.ru"
18909,"www.invest-stroj.ru"
10338,"www.akropolmol.ru"
826,"www.centernoutbukov.ru"
1505,"www.tsvz.ru"
15936,"www.cdo-kld.ru"
18858,"www.tehportal.org"
7399,"спецстрой39.рф"
14645,"www.snab39.ru"
24688,"www.trinity-renault.ru"
25644,"www.buhuslugi39.ru"
26616,"www.kaliningrad.citroen.ru"
1165,"www.naomi39.ru"
28611,"www.oscar-gas.ru"
20252,"www.337734.ru"
25787,"www.mayakovski-hotel.ru"
7390,"www.hotel-olympic.ru"
18758,"www.sauna39.ru"
28560,"www.ibishotel.com"
28620,"www.anastasiahostel.ru"
28382,"www.sauna-relaxplus.ru"
13411,"www.pansionat-baltika.ru"
8150,"www.hotelvolna.ru"
15192,"www.balticressorts.ru"
8152,"www.brizbaltiki.ru"
28622,"www.domelena.ru"
28623,"www.izdoma-vdom.ru"
28626,"www.svsosny.ru"
28627,"www.hoteluyut.ru"
8176,"www.hotel-flamingo.ru"
28629,"www.indianhouse.su"
2990,"www.koshkin-dom.ru"
8079,"www.laptau39.ru"
19272,"www.logerhaus.ru"
25990,"www.hotelelisa.ru"
28634,"www.terrasa-hotel.ru"
28632,"www.tanza.ru"
25792,"www.domrybolova.ru"
14586,"www.annaschulz.ru"
14156,"www.fliegerhaus.ru"
8096,"www.traktir-morskoe.ru"
28635,"www.pillkoppen.ru"
19620,"понарт.рф"
984,"www.k-39.ru"
2208,"www.gaz39.ru"
25546,"www.samum39.ru"
28735,"www.lima39.ru"
1678,"www.fgup-ohrana.ru"
17092,"www.baltoil.ru"
6981,"www.nasos39.ru"
28742,"www.gorodkanta.ru"
28856,"www.asp.cns.ru"
28878,"www.astra-s.ru"
28879,"www.isite39.ru"
28880,"www.keniglens.ru"
28881,"www.buildergroup.ru"
28882,"www.mpk-kld.com"
28883,"www.kurs39.ru"
19825,"www.leningradsky.kln.sudrf.ru"
19828,"http://cantralny.kln.sudrf.ru"
19826,"http://moskovsky.kln.sudrf.ru"
19829,"http://baltiysky.kln.sudrf.ru"
19831,"http://bagrationovsky.kln.sudrf.ru"
19830,"http://gvardeysky.kln.sudrf.ru"
19832,"http://gurievsky.kln.sudrf.ru"
19833,"http://gusevsky.kln.sudrf.ru"
19834,"http://zelenogradsky.kln.sudrf.ru"
19835,"http://krasnoznamensky.kln.sudrf.ru"
19836,"http://nemansky.kln.sudrf.ru"
19837,"http://nesterovsky.kln.sudrf.ru"
19838,"http://ozersky.kln.sudrf.ru"
19839,"http://polessky.kln.sudrf.ru"
19840,"http://pravdinsky.kln.sudrf.ru"
19841,"http://svetlovsky.kln.sudrf.ru"
19842,"http://svetlogorsky.kln.sudrf.ru"
19843,"http://slavsky.kln.sudrf.ru"
19844,"http://sovetsky.kln.sudrf.ru"
19845,"http://cherniahovsky.kln.sudrf.ru"
19846,"http://baltyiskygvs.kln.sudrf.ru"
19847,"http://kaliningvs.kln.sudrf.ru"
2424,"www.matiskom.okis.ru"
28892,"www.ipon-auto.ru"
25761,"www.mf-bagration.ru"
23951,"www.mf-bagration.ru "
29070,"www.mf-bagration.ru "
29071,"www.dashaus39.ru"
26437,"www.krasivieokna39.ru"
4086,"www.46detsad.ru"
21684,"www.kantiana.ru"
15544,"www.klname.ru"
4691,"www.otp39.ru"
4713,"www.ipc39.ru"
18668,"www.profedu39.com"
4643,"www.kolledge39.ru"
4653,"www.gapk.ru"
4746,"www.college-edu.ru"
4641,"www.ptpt39.ru"
4632,"www.tilzit-kollege.ru"
21006,"www.guspoliteh.ru"
9966,"www.kenig-kolledg.my1.ru"
9690,"www.kf.rane.ru"
20687,"http://спокст.рф"
3543,"www.school6klgd.ru"
3840,"http://цитоис.рф"
4885,"www.kfmum.ru"
29111,"www.klddetsad56.ru"
3869,"www.ducklgd.ru"
3091,"www.kaliningrad.roskazna.ru"
29131,"www.crystalhouse.info"
15587,"www.m-polo.ru"
29136,"www.villeroy-boch.com"
29250,"дюстц.рф"
26571,"www.dps-plus.ru"
26570,"www.zharupak.ru"
26572,"www.partyfon-kaliningrad.ru"
26573,"www.kaliningrad.kobiz.ru"
26577,"www.steh39.ru"
26582,"www.home-branding.umi.ru"
26583,"www.exclusive-light.com"
26584,"www.bureaukb.ru"
26585,"www.kronservice.org"
26795,"www.bg39.ru"
15917,"www.furniloff.ru"
22507,"www.ekosvet39.ru"
26806,"www.турскидки39.рф"
4430,"www.namerenie.ru"
26806,"www.turskidki39.ru"
1138,"www.nominal.su"
15126,"www.nominal.su"
23685,"www.nominal.su"
25685,"www.serteks39.ru"
26808,"www.druza-39.ru"
5951,"www.znamensk39.ru"
2886,"www.gorodkanta.ru"
27200,"www.accountingltd.ru"
15873,"www.karetniy-master.ru"
27201,"www.enter-i.ru"
27204,"www.regstandart.ru"
27202,"www.udobno39.ru"
27203,"www.stal-hof.ru"
27209,"www.ap39.ru"
27207,"www.remteh39.ru"
20867,"www.kinezis39.ru"
407,"www.tochka39.ru"
27210,"www.kare-shop.ru"
11270,"www.900907.ru"
27214,"www.intergis.ru"
27383,"www.vanmeer-russia.com"
27384,"www.ipvasilyev.ru"
27385,"www.vb39.ru"
27386,"www.vectorcolor.ru"
27387,"www.vektor39.ru"
27446,"www.do-car.kia.ru"
27647,"www.399935.ru"
4311,"www.monro39.ru"
27657,"www.motorium39.ru"
27658,"www.arsenalmusic.ru"
27668,"www.magdacha.ru"
27672,"www.salon39.ru"
27678,"www.ttfish.ru"
27679,"www.ttfish.ru"
25057,"www.3dgaz.ru"
27682,"www.leninskiy8a.ru"
14599,"www.doshkolnik39.ru"
18927,"www.klinkerhouse.com"
26759,"www.stoma-kaliningrad.ru"
1189,"www.esteticmed39.ru"
2022,"www.inch39.ru"
2022,"дюйм39.рф"
2353,"www.technoizol.com"
2677,"www.stop39.ru"
2778,"www.stop39.ru"
23354,"www.valtec.ru"
7644,"http://vk.com/nimb_servis"
26926,"www.barca-bar.ru"
26926,"www.vk.com/sportbarbarca"
15843,"тонусклуб.рф"
28701,"www.restoranpavlin.ru"
2104,"www.kbte39.ru"
2104,"www.bte39.ru"
1272,"www.dinaimp.ru"
28707,"садыбалтии.рф"
28713,"www.domanarashvat.ru"
28722,"www.esteticprofi.ru"
28718,"www.booboo-kids.ru"
28719,"www.kd-media.ru"
22238,"www.geocentr39.ru"
22413,"www.tuta-bonus.ru"
1441,"www.komandor-koenig.ru"
19252,"старус.рф"
23038,"www.tk-mebelshik.ru"
19252,"www.sterus.su"
28733,"www.intools.ru"
23731,"www.terrado.net"
10087,"www.neksim.ru"
5956,"зорино39.рф"
21481,"www.gvardeisk.org"
5965,"славинск.рф"
5960,"озерки.com"
28783,"www.gvardeysk.gov39.ru"
2665,"www.gl-world.com"
26364,"www.argentumplus.ru"
5332,"www.meteo39.ru"
29223,"www.detalsmarket.ru"
29224,"www.gipermir.com"
29225,"www.kurs39.ru"
17656,"www.nwdoors.ru"
21863,"www.admvesn-sp.ru"
6179,"www.tfoms39.ru"
4511,"www.zbrv.ru"
21207,"www.to39.rosreestr.ru"
2918,"www.rabotakaliningrad.ru"
15664,"www.fms39.ru"
26576,"www.renessansmaster.ru"
29668,"www.sigmabaltia.ru"
16662,"www.vetrex.com.pl"
9448,"www.lal-auto.com"
26337,"www.kochegarka.info"
2670,"www.yantar-info.ru"
26366,"www.vfsglobal.com/poland/kaliningrad"
26338,"www.baltsert.ru"
10951,"www.turne-trans.ru"
6309,"www.goravia.ru"
10514,"www.t3travel.ru"
1665,"www.protea39.ru"
16662,"www.okna-vetrex.ru"
806,"www.buhuchet-kd.ru"
18416,"мы-россияне.рф"
29628,"www.westwedding.ru"
25553,"www.ltd-ng.ru"
29632,"ножи.рф"
6475,"www.b-k-s.ru"
29635,"www.motostars.ru"
952,"www.kaliningradka.ru"
658,"www.vigoplus.ru"
12212,"www.stonekld.ru"
29655,"www.c-g-i.ru"
3444,"www.evroplast.ru"
20723,"www.kapital-kld.ru"
15434,"www.mastergarant.ru"
8493,"www.kaliningrad.spravedlivo.ru"
14750,"www.autooptic.ru"
22474,"www.sk-sv.ru"
5143,"www.kaliningrad.yabloko.ru"
29677,"www.academy-rise.com"
29678,"www.rise-kids.ru"
18918,"www.cvetvolos39.ru"
8560,"www.sauna39.ru"
29684,"www.cherry-group.net"
10040,"www.krovlya-profi.ru"
18799,"альфапак.рф"
23884,"www.teh-standart.ru"
29796,"www.truck-shop.ru"
29797,"www.truck-shop.ru"
29827,"www.greencat39.ru"
26347,"www.baltinnoteh.com"
15919,"www.lichnost.ru"
15919,"www.kotva.ru"
21401,"www.lal-auto.com"
16730,"www.maggame39.ru"
29890,"www.aptekafz.ru"
29925,"www.aptekafz.ru"
370,"www.tehnostroyservice.ru"
29959,"http://vk.com/ekzersis_kaliningrad"
29960,"www.kitnpf.ru"
18413,"http://ivanovotekstil39.ru/"
8098,"www.kluken.com"
26731,"www.techno-ace.ru"
1422,"www.karaganda39.ru"
26736,"www.stroyexpress.tiu.ru"
26740,"www.vashsovetnic.ru"
3624,"www.deklarant.net"
26743,"www.labirint.ru"
26748,"www.np-oboronstroy.ru"
26374,"www.taslgroup.ru"
26754,"www.shop-artdecor.blogspot.com"
16804,"www.mebel-yarmarka.ru"
26758,"www.fashionclub.ru.com"
27074,"www.39gazet.ru"
27075,"www.39podarkov.ru"
27076,"www.39цветов.рф"
27081,"www.ADGusto.ru"
23336,"www.teplica39.ru"
22743,"www.csm-sert.ru"
27215,"www.coworkstudio.ru"
27215,"www.cwrk.ru"
27216,"www.meranti.org"
27217,"www.attestaciya-rabochih-mest-39.ru"
27222,"www.rutora.ru"
27220,"www.art-fe.ru"
27221,"www.altaytrav.cns.ru"
27225,"www.rollcentr.ru"
27224,"www.navigator-group.ru"
24355,"www.invent-realty.ru"
27226,"www.expressbyuro.ru"
27227,"www.selivanov.pro"
27228,"www.pena39.ru"
27113,"www.kaliningrad.smart-cleaner.ru"
27216,"www.gordeeva-mebel.ruprom.net"
27279,"www.vk.com/public46240988"
18454,"www.maf39.ru"
27280,"www.inki-kd.ru"
2486,"www.rk-planeta.ru"
25916,"www.rutaxi.ru"
27282,"www.pozitive-club.ru"
27291,"www.ognm.ru"
27286,"www.baltsafe.ru"
27288,"www.baltturbocentr.ru"
27292,"www.777033.info"
27296,"www.bell-bimbo.ru"
27297,"www.saass.ru"
27298,"www.bestprint.pro"
27477,"www.phecon.com"
27461,"www.hotel-berlin.su"
27748,"www.regioneco.com"
24291,"www.rikoauto.ru"
27753,"www.dostavka-rh.ru"
27755,"www.reha39.ru"
27756,"www.rial39.ru"
27761,"www.iniciativa-kd.ru"
27762,"www.iniciativa-kd.ru"
27763,"www.topsail-crew.com"
27667,"www.sro-nss.ru"
27765,"www.divek-proekt.ru"
27774,"www.breven.ru"
27768,"www.remspro.com"
27769,"www.nanoprotech.ru"
27775,"www.флексдекор.рф"
27779,"www.re-therm.ru"
27781,"www.valetta-mebel39.ru"
27786,"www.transway-kld.ru"
27801,"www.sekret-krasoty39.tiu.ru"
2755,"www.satbaltnet.ru"
27804,"www.satbaltnet.ru"
27805,"www.cma-cgm.com"
27807,"www.slog-audit.ru"
27817,"www.vira-ooo.ru"
27825,"www.perevezem.ds39.ru"
27859,"www.толькопрофи.рф"
27955,"www.advokat-volkov.ru"
27957,"www.vpt-kd.ru"
11133,"www.kaliningradkran.ru"
21513,"www.imster39.ru"
22902,"www.interservice.su"
825,"www.grimerka.pro"
18369,"www.med-express39.ru"
26148,"www.dorznak39.ru"
7746,"тцмаяк.рф"
28496,"www.vk.com/discontaviatur"
28493,"http://ss.iroadsystems.com/"
28495,"www.perrino.ru"
28497,"www.videonaolymp.ru"
28498,"www.saturngrp.ru"
28500,"www.mgk-stroy.ru"
28501,"www.microsfera.ru"
28502,"www.viza39.com"
28505,"www.tehportal.org"
28506,"www.39beeline.ru"
26315,"www.akvamarinplus.ru"
28560,"www.ibishotel.com-accorhotels.com"
28560,"www.accorhotels.com"
28562,"www.vk.com/club10743458"
25318,"www.center39.ru"
14645,"www.bearing-centre.ru"
7840,"www.d-svdohnovenie.ru"
26384,"бухучет39.рф"
26387,"www.kid-service.ru"
26838,"www.topkick.ru"
23237,"www.дрв.рф"
26851,"www.creativeprint.ru"
26840,"www.ingrid-kld.ru"
10715,"www.pavlova-studio.ru"
18408,"www.wiplast.ru"
26857,"www.GKburo.ru"
23324,"www.piksel39.ru"
22506,"www.tps39.ru"
16489,"www.vremjakrasoty.ru"
15232,"www.pik-comfort.ru"
22439,"www.sms-group.ru"
3402,"www.larss.net"
690,"www.sweetmama.ru"
27138,"www.aquakd.ru"
26871,"www.berghoff39.ru"
1314,"www.megadiesel39.ru"
17152,"www.39bus.ru"
6210,"www.alvis.kaliningrad.ru"
26882,"www.komissionka-enot.ru"
17509,"www.rir39.ru"
26886,"www.dt39.ru"
27041,"www.slabotochnik39.ru"
539,"www.nikatour-kld.ru"
9556,"www.vittera.ru"
26913,"www.bushboats.com"
26932,"www.nels.su"
26995,"www.dellin.ru"
27025,"www.sploshnoy.ru"
27103,"www.kovka-kld.ru"
27107,"www.zimmermann-kld.ru"
27110,"www.s-kayn.ru"
27127,"www.semtam.ru"
27116,"www.ubs-fx.com"
27119,"авеню39.рф"
27142,"www.itinity.ru"
27143,"www.akvadoc.ru"
27177,"www.vorota39.ru"
27188,"www.baltdevice.ru"
3509,"www.baltgrafika.ru"
10494,"www.kvk39.com"
27230,"www.chudonauka.ru"
27232,"www.novavent.ru"
27234,"www.vorota-39.ru"
27236,"www.trubappu39.ru"
27237,"www.lkw39.ru"
27239,"www.mak-tc.ru"
27240,"www.helmsw.ru"
27242,"www.vk.com/agent_m_p"
27245,"www.noviyelement.ru"
27244,"www.cert-rf.ru"
26942,"www.aipim.ru"
27247,"www.ocenka-ru.biz"
26598,"www.akbarsaero.ru"
22368,"www.3d-stom.ru"
27251,"www.andero.ru"
27252,"www.master-39.ru"
28133,"www.bg39.ru"
27511,"www.ideya.tiu.ru"
27517,"www.imanov.pro"
27520,"www.kaliningrad.trade.gov.pl"
27618,"www.martinex.ru"
27619,"www.msk-oil39.ru"
2900,"www.msk-oil39.ru"
27626,"www.mebelinterior39.ru"
27788,"www.rg.ru"
27793,"www.sad-dizain.ru"
27796,"www.kldsante.ru"
27798,"www.candlehouse.ru"
27844,"www.happybaby39.ru"
27850,"www.termo-para.ru"
27851,"www.OOOTOV.ru"
27852,"www.protextil.at.ua"
27854,"www.tepliysezon.ru"
27855,"www.termopara39.ru"
27856,"www.instrument-39.ru"
27929,"www.drsteinpartner.com"
27946,"www.citypoint.ru"
27967,"www.hott.ru"
27219,"www.39.semaclub.ru"
26864,"www.printlux39.net"
28136,"www.arkama.com"
25410,"www.stone39.ru"
28135,"www.infotourcz.ru"
28137,"www.mtsite.ru"
28080,"www.montechisto.ru"
28139,"www.kraski39.ru"
17541,"www.plusorto.com"
28182,"www.it-standart.ru"
955,"www.a4plus.ru"
28171,"www.z-partners.ru"
24148,"арония.рф"
1437,"www.jetgarnet.ru"
28537,"www.ksm-world.net"
28538,"www.ctm.ru"
28581,"www.fregat-kgd.ru"
18031,"www.chasy39.ru"
18229,"www.studia-uyta.ru"
26755,"www.gorskiy-oleg.ru"
17142,"www.laim.pro"
26308,"www.1resurs.ru"
11861,"www.mebel-next.com"
18131,"палитра39.рф"
18131,"Vk.com/online_palitra"
6903,"www.biz-kon.ru"
26309,"www.lum39.ru"
26309,"vk.com/lum39"
26357,"www.bloodycherry.ru"
26399,"www.v-gazeta.ru"
26349,"www.balt-shina.ru"
26060,"www.formula-img.ru"
26396,"www.v-gazeta.ru"
26398,"www.v-gazeta.ru"
26397,"www.v-gazeta.ru"
26400,"www.v-gazeta.ru"
8138,"www.akvamania39.ru"
26826,"www.sante39.ru"
26927,"www.botanik-kld.ru"
26930,"www.botanik-kld.ru"
27397,"www.kgdttk.ru"
27277,"www.shperling.su"
27278,"www.кадет39.рф/school_life/summer_camp/"
27418,"www.glavdetali.com"
9944,"www.planetasport.net"
27423,"www.grant-is.ru"
27640,"www.39stock.ru"
27707,"www.koenigbrau.ru"
18661,"www.ooo-planta.com"
27710,"www.dezvektor.ru"
27711,"www.dom39.info"
27712,"www.degtyarevltd.com"
27714,"www.inbalt.tiu.ru"
27717,"www.avicomz.kalg.ru"
22092,"www.amkservis39.ru"
27723,"www.pomdetyam.ru"
27726,"www.почемучка.com"
17668,"www.pregol.ru"
27739,"www.kttech.ru"
27987,"www.vk.com/club8613194"
27987,"www.grav39.ru"
26211,"www.avenkaliningrad.ru"
28003,"www.aerosol-service.ru"
28007,"www.montistone.ru"
28009,"www.gardarica.ru"
28017,"www.grscompany.com"
28020,"www.aliter-ltd.ru"
28040,"www.glamour-kld.ru"
28036,"www.ormatek.com"
28076,"www.mdf39.ru"
28074,"www.mdf39.ru"
28075,"www.mdf39.ru"
19192,"www.mdf39.ru"
28079,"www.mscrussia.com"
28081,"www.tandem39.com"
28082,"www.dyatkovo.ru"
28083,"www.39profi.ru"
28084,"www.konfetki39.ru"
28087,"www.int39.ru"
2245,"www.vetbalto.ru"
28089,"www.a-marker.ru"
28090,"www.apple-master.ru"
28098,"www.lemon-travel.ru"
28099,"www.ortoped.pro"
28100,"www.hogwarts39.info"
28101,"www.din39.ru"
25373,"www.siyanie-kaliningrad.ru"
28263,"www.trucksworld.ru"
15970,"www.atlant-39.ru"
28291,"www.westcompservices.ru"
28292,"www.komfort.ru"
28314,"www.kartell.ru"
28310,"www.kratki.pl"
28313,"www.kapital-ins.ru"
28317,"www.kladzdor.ru"
28320,"www.kovcheg39.ru"
28329,"www.mentor-consulting.com"
28333,"www.legion-info.ru"
28350,"www.metekznak.ru"
28366,"www.nash-region.ru"
28370,"www.neon-sun.narod.ru"
2178,"www.avtotrading.com"
2189,"www.astarter.com"
598,"www.burda-moden39.ru"
22313,"www.iltedema.com"
22783,"www.mamapapa39.ru"
6972,"www.autovit.ru"
19378,"www.pirobalt.ucoz.ru"
3570,"www.kovry39.ru"
743,"www.vashdoktormc.ru"
758,"www.dvtransport.ru"
746,"www.sys4tec.com"
1247,"www.kaliningrad-cargo.ru"
1408,"www.christrio.org"
2761,"www.telsystem39.ru"
